athlete_id,gender
2,M
3,M
4,M
5,M
6,M
7,M
8,M
9,M
10,M
11,M
12,M
13,M
14,M
15,M
16,M
17,M
18,M
19,M
20,M
21,M
22,M
23,M
24,M
25,M
26,M
27,M
28,M
29,M
30,M
31,M
32,M
33,M
34,M
35,M
36,M
37,M
38,M
39,M
40,M
41,M
42,M
43,M
44,M
45,M
46,M
47,M
48,M
50,M
51,M
52,M
53,M
54,M
55,M
56,M
57,M
58,M
59,M
60,M
61,M
62,M
63,F
64,F
65,F
66,F
67,F
68,F
69,F
70,F
71,F
72,F
73,F
74,F
75,F
76,F
77,F
78,F
79,F
80,F
81,F
82,F
83,F
84,F
85,F
86,F
87,F
88,F
89,M
90,M
91,M
92,M
93,M
94,M
95,M
96,M
97,M
98,M
99,M
100,M
101,M
102,M
103,M
104,M
105,M
106,M
107,M
108,M
109,M
110,M
112,F
113,F
114,M
115,M
116,M
117,M
118,M
119,M
120,M
121,M
122,M
123,M
124,M
125,M
126,M
127,M
128,M
129,M
130,M
131,M
132,M
133,M
134,M
135,M
136,M
138,M
139,M
140,M
141,M
142,M
143,M
144,M
145,M
146,M
147,M
148,M
149,M
150,M
151,M
152,M
153,M
154,M
155,M
156,M
157,M
49,M
158,M
159,M
160,M
161,M
162,M
163,M
164,M
165,M
166,M
167,M
168,M
169,M
170,M
171,M
172,M
173,M
174,M
175,M
176,M
177,M
178,M
179,M
180,M
181,M
182,M
183,M
184,M
185,M
186,M
187,M
188,M
189,M
190,M
191,M
192,M
193,M
194,M
195,M
196,M
197,M
198,M
199,M
200,M
201,M
202,M
203,M
204,M
205,M
206,M
207,M
208,M
209,M
210,M
211,M
212,M
213,M
214,M
215,M
216,M
217,M
218,M
219,M
220,M
221,M
222,M
223,M
224,M
225,M
226,M
227,M
228,M
229,F
230,F
231,F
232,F
233,F
234,F
235,F
236,F
237,F
238,F
239,F
240,F
241,F
242,F
243,F
244,F
245,F
246,F
247,F
248,F
249,F
250,F
251,F
252,F
253,F
254,F
255,F
256,F
257,F
258,F
259,F
260,F
261,F
262,F
263,F
264,F
265,F
266,F
267,F
268,F
269,F
270,F
271,F
272,F
273,F
274,F
275,F
276,F
277,F
278,F
279,F
280,F
281,F
282,F
283,F
284,F
285,F
286,F
287,F
288,F
289,F
290,F
291,F
292,F
293,F
294,F
295,F
296,F
297,F
298,F
299,F
300,F
301,F
302,F
303,F
304,F
305,F
306,F
307,F
308,F
309,F
310,M
311,M
312,M
313,M
314,M
315,M
316,M
317,M
318,M
319,M
320,M
321,M
322,M
323,M
324,M
325,M
326,M
327,M
328,M
329,M
330,M
331,M
332,M
333,M
334,M
335,M
336,M
337,M
338,M
339,M
340,M
341,M
342,M
343,M
344,M
345,M
346,M
347,M
348,M
349,M
350,M
351,M
352,M
353,M
354,M
355,F
356,F
357,F
358,F
359,F
360,F
361,F
362,F
363,M
364,M
365,M
366,M
367,M
368,M
369,M
370,M
371,M
372,M
373,M
374,M
375,M
376,M
377,M
378,M
379,M
380,M
381,M
383,M
384,F
385,F
386,F
387,F
388,F
389,F
390,F
391,F
392,F
393,M
394,M
395,M
396,M
397,M
398,M
399,M
400,M
401,M
402,M
403,M
404,F
405,F
406,F
407,F
408,F
409,F
410,F
411,F
412,F
413,F
414,M
415,M
416,M
417,M
418,M
419,M
420,M
421,M
422,M
423,M
424,M
425,M
426,M
427,M
428,M
429,M
430,M
431,M
432,M
433,M
434,M
435,M
436,M
437,M
438,M
439,M
440,M
441,M
442,F
443,F
444,F
445,F
446,F
447,F
448,F
449,F
450,F
451,M
453,M
454,M
455,M
456,M
457,M
458,M
459,M
460,M
461,M
462,M
463,M
464,M
465,M
466,M
467,M
468,M
469,F
470,F
471,M
472,M
473,M
475,F
476,F
477,F
479,F
480,F
481,F
482,F
483,F
484,F
485,F
486,F
487,F
488,F
489,F
490,F
491,F
492,F
493,F
494,F
495,F
496,F
497,F
498,F
499,F
500,F
501,F
502,F
503,F
504,M
505,M
506,M
507,M
508,M
509,M
510,M
511,M
512,M
513,M
514,M
515,M
516,M
517,M
518,M
519,M
520,M
521,M
522,M
523,M
524,M
525,M
526,M
527,M
528,M
529,M
530,M
531,M
532,M
533,M
534,M
535,M
536,M
537,M
538,M
539,M
541,M
542,M
543,M
544,M
545,M
546,M
1230,M
548,M
549,M
550,M
551,M
552,M
553,M
554,M
555,M
557,M
558,M
559,M
560,M
561,M
562,M
563,M
564,M
565,M
566,M
567,F
568,F
569,F
570,F
571,F
572,F
573,F
574,F
575,F
576,F
577,F
578,F
579,F
580,F
581,F
582,F
583,F
584,F
585,F
586,F
587,F
588,F
589,F
590,F
591,F
592,F
593,F
594,F
595,F
597,F
598,F
599,F
600,F
601,F
602,F
603,F
604,F
605,F
606,F
607,F
608,F
609,F
610,F
611,F
612,F
613,F
614,F
615,F
616,F
617,F
618,F
619,F
620,F
621,F
622,F
623,F
624,F
625,F
626,F
627,F
556,M
628,F
629,F
630,F
631,F
632,F
633,F
634,F
635,F
636,F
637,F
638,F
639,F
640,F
641,F
642,F
643,F
644,F
645,F
646,F
647,F
648,F
649,F
650,F
651,F
652,F
653,F
654,F
655,F
656,F
657,F
658,F
659,F
660,F
661,F
662,F
663,F
664,F
665,F
666,M
667,M
668,M
669,M
670,M
671,M
672,M
673,M
674,M
675,M
676,M
677,M
678,M
679,M
680,M
681,M
682,M
683,M
684,M
685,M
686,M
687,M
688,M
689,M
690,M
691,M
692,M
693,M
694,M
695,M
696,M
697,M
699,M
700,M
701,M
702,M
703,M
704,M
705,M
706,M
707,M
708,M
709,M
710,M
711,M
712,M
713,M
714,M
715,M
716,M
717,M
718,M
719,M
720,M
721,M
722,M
723,M
724,M
725,M
726,M
727,M
728,M
729,M
730,M
731,M
732,M
733,M
734,M
735,M
736,M
737,M
738,M
739,M
740,M
741,M
742,M
743,M
744,M
745,M
746,M
747,M
748,M
749,M
750,M
751,M
752,M
753,M
754,M
755,M
756,M
757,M
758,M
759,M
760,M
761,M
762,M
763,M
764,M
765,M
766,M
767,M
768,M
769,M
770,M
771,M
772,M
773,M
774,M
775,M
776,M
777,M
778,M
779,M
780,M
781,M
782,M
783,M
784,M
785,M
786,M
787,M
788,M
789,M
790,M
791,M
792,M
793,M
794,M
795,M
796,M
797,M
798,M
799,M
800,M
801,M
802,M
803,M
804,M
805,M
806,M
807,F
808,F
809,F
810,F
811,F
812,F
813,F
814,F
815,F
816,F
817,F
818,F
819,F
820,F
821,F
822,F
823,F
824,F
825,F
826,F
827,F
828,F
829,F
830,F
831,F
832,F
833,F
834,F
835,F
836,F
837,F
838,F
839,F
840,F
841,F
842,F
843,F
844,F
845,F
846,F
847,F
848,F
849,F
850,F
851,F
852,F
853,F
854,F
855,F
856,F
857,F
858,F
859,F
860,F
861,F
862,F
863,M
865,M
866,M
867,M
868,M
869,M
870,M
871,M
872,M
873,M
874,M
875,M
876,M
877,M
878,M
879,M
880,M
881,M
882,M
883,M
885,M
886,M
887,M
888,M
889,M
890,M
891,M
892,M
893,M
894,M
895,M
896,M
897,M
898,M
899,M
900,M
901,M
902,M
903,M
904,M
906,M
907,M
908,M
909,M
910,M
911,M
912,M
913,M
914,M
915,M
916,M
917,M
918,M
919,M
920,M
921,M
922,M
923,M
924,M
925,M
926,M
927,M
928,M
930,M
931,M
932,M
933,M
934,M
935,M
936,M
937,M
938,M
939,M
940,M
941,M
942,M
944,M
946,M
948,M
950,M
952,M
954,M
956,M
958,M
961,M
963,M
965,M
967,M
969,M
971,F
972,F
975,F
976,F
978,F
980,F
983,M
985,M
987,M
988,M
991,F
993,F
995,F
997,F
999,F
1001,F
1002,F
1005,F
1007,F
1011,F
1013,F
1015,F
1017,F
1019,F
1021,F
1023,F
1024,F
1026,F
1028,F
1030,F
1032,F
1034,F
1036,F
1038,F
1040,F
1042,F
1044,F
1047,F
1048,F
1050,F
1052,F
1054,F
1056,F
1058,F
1060,F
1062,F
1064,F
1066,F
1069,F
1071,F
1072,F
1074,F
1076,F
1078,F
1080,F
1082,F
1084,F
1086,F
1088,F
1090,F
1092,F
1095,F
1097,F
1099,F
1101,F
1102,F
1104,F
1106,F
1108,F
1110,F
1112,F
1114,F
1116,F
1118,F
1120,F
1122,F
1124,F
1126,F
1128,F
1130,F
1132,F
1134,F
1136,F
1138,F
1140,F
1142,F
1144,F
1146,F
1148,F
1150,F
1154,F
1156,F
1158,F
1159,F
1161,F
1163,F
1165,F
1167,F
1169,F
1173,M
1176,M
1177,M
1179,M
1181,M
1184,M
1186,M
1188,M
1190,M
1192,M
1194,M
1198,M
1200,M
1204,M
1208,M
1210,M
1212,M
1214,M
1216,M
1218,M
1220,M
1222,M
1224,M
1228,M
1231,M
1232,M
1234,M
1236,M
1238,M
1239,M
1241,M
1243,M
1245,M
1247,M
1249,M
1251,M
943,M
945,M
947,M
949,M
951,M
953,M
955,M
957,M
959,M
960,M
962,M
964,M
966,M
968,M
970,F
973,F
974,F
977,F
979,F
981,F
982,M
984,M
986,M
989,M
990,F
992,F
994,F
996,F
998,F
1000,F
1003,F
1004,F
1006,F
1008,F
1010,F
1012,F
1014,F
1016,F
1018,F
1020,F
1022,F
1025,F
1027,F
1029,F
1031,F
1033,F
1035,F
1037,F
1039,F
1041,F
1043,F
1045,F
1046,F
1049,F
1051,F
1053,F
1055,F
1057,F
1059,F
1061,F
1063,F
1065,F
1067,F
1068,F
1070,F
1073,F
1075,F
1077,F
1079,F
1081,F
1083,F
1085,F
1087,F
1089,F
1091,F
1093,F
1094,F
1096,F
1098,F
1100,F
1103,F
1105,F
1107,F
1111,F
1113,F
1115,F
1117,F
1119,F
1121,F
1125,F
1127,F
1129,F
1131,F
1133,F
1135,F
1137,F
1139,F
1141,F
1143,F
1145,F
1147,F
1149,F
1151,F
1153,F
1155,F
1157,F
1160,F
1162,F
1164,F
1166,F
1168,F
1170,F
1172,M
1174,M
1175,M
1178,M
1180,M
1182,M
1183,M
1185,M
1187,M
1189,M
1191,M
1193,M
1195,M
1199,M
1201,M
1203,M
1205,M
1207,M
1209,M
1211,M
1213,M
1215,M
1217,M
1219,M
1221,M
1223,M
1225,M
1227,M
1229,M
1233,M
1235,M
1237,M
1244,M
1246,M
1248,M
1250,M
1252,M
1254,M
1255,M
1257,M
1258,M
1260,M
1262,M
1264,M
1266,M
1268,M
1270,M
1274,M
1276,M
1278,M
1280,M
1282,M
1284,M
1286,M
1288,M
1290,M
1292,M
1294,M
1296,M
1297,M
1299,M
1301,M
1303,M
1305,M
1307,M
1310,M
1311,M
1314,M
1316,M
1317,M
1320,M
1322,M
1324,M
1326,M
1328,M
1329,M
1331,M
1333,M
1335,M
1337,M
1339,M
1341,M
1344,M
1348,M
1350,M
1352,M
1354,M
1356,M
1358,M
1360,M
1361,M
1363,M
1365,M
1367,M
1369,M
1371,M
1373,M
1375,M
1377,M
1379,M
1381,M
1383,M
1385,M
1387,M
1389,M
1391,M
1393,M
1395,M
1397,M
1399,M
1401,M
1403,M
1405,M
1407,M
1409,M
1411,M
1413,M
1415,M
1417,M
1419,M
1421,M
1423,M
1424,M
1426,M
1428,M
1430,M
1432,M
1434,M
1436,M
1438,M
1440,M
1442,M
1444,M
1446,F
1449,F
1451,F
22515,M
1455,F
1457,F
1461,F
1465,F
22516,M
1469,F
1473,F
22517,M
1481,F
1483,F
1487,F
1489,F
1490,F
1492,F
1494,F
1497,F
1500,F
1502,F
1504,F
1506,F
1510,F
1512,F
1514,F
1518,F
1520,M
1522,M
1526,M
1529,M
1533,M
1535,M
1539,M
1541,M
1543,M
1549,M
1551,M
1553,M
1555,M
1557,M
1559,M
1561,M
1256,M
1259,M
1261,M
1263,M
1265,M
1267,M
1269,M
1271,M
1273,M
1275,M
1277,M
1279,M
1281,M
1283,M
1285,M
1287,M
1289,M
1291,M
1293,M
1295,M
1298,M
1300,M
1302,M
1304,M
1306,M
1308,M
1309,M
1312,M
1313,M
1315,M
1318,M
1319,M
1321,M
1323,M
1325,M
1327,M
1330,M
1332,M
1334,M
1336,M
1338,M
1340,M
1342,M
1343,M
1345,M
1347,M
1349,M
1351,M
1353,M
1355,M
1357,M
1359,M
1362,M
1364,M
1366,M
1368,M
1370,M
1372,M
1374,M
1376,M
1378,M
1380,M
1382,M
1384,M
1386,M
1388,M
1390,M
1392,M
1394,M
1396,M
1398,M
1400,M
1402,M
1404,M
1406,M
1408,M
1410,M
1412,M
1414,M
1416,M
1418,M
1420,M
1422,M
1425,M
1427,M
1429,M
1431,M
1433,M
1435,M
1437,M
1439,M
1441,M
1443,M
1445,M
1447,F
1448,F
1450,F
1452,F
1454,F
1456,F
1458,F
1460,F
1462,F
1464,F
1466,F
1468,F
1472,F
22518,M
1478,F
1480,F
1484,F
1486,F
1488,F
1491,F
1493,F
1495,F
1498,F
1501,F
1503,F
1505,F
1507,F
1509,F
1511,F
1513,F
1515,F
1517,F
1519,F
22519,M
1525,M
1527,M
1530,M
1534,M
1536,M
1540,M
1542,M
1546,M
1548,M
1552,M
1554,M
1558,M
1560,M
1562,M
1564,M
1566,M
1568,M
1565,M
1567,M
1569,M
1571,M
1573,M
1575,M
1577,M
1581,M
1583,M
1587,M
1589,M
1591,M
1592,M
3115,F
3116,F
3117,F
3118,F
3119,F
3120,F
3121,F
3122,F
3123,F
3124,F
3125,F
3126,F
3127,F
3128,F
3129,F
3130,F
3131,F
3132,M
3133,M
3134,M
3135,M
3136,M
3137,M
3138,M
3139,M
3140,M
3141,M
3142,M
3143,M
3144,M
3145,M
3146,M
3147,M
3148,M
3149,M
3150,M
3151,M
3152,M
3153,M
3154,M
3155,M
3156,M
3157,M
3158,M
3159,M
3160,M
3161,M
3162,M
3163,M
3164,M
3165,M
3166,M
3167,M
3168,M
3169,M
3170,M
3171,M
3172,M
3173,M
3174,M
3175,M
3176,M
3177,M
3178,M
3179,F
3180,F
3181,F
3182,F
3183,F
3184,F
3185,F
3186,F
3187,F
3188,F
3189,F
3190,F
3191,F
3192,F
3193,F
3194,F
3195,F
3196,F
3197,F
3198,F
3199,F
3200,F
3201,F
3202,F
3203,F
3204,M
3205,M
3206,M
3207,M
3208,M
3209,M
3210,M
3211,M
3212,M
3213,M
3214,M
3215,M
3216,M
3217,M
3218,M
3219,M
3220,M
3221,M
3222,M
3223,M
3224,M
3225,M
3226,M
3227,M
3228,M
3229,M
3230,M
3231,M
3232,M
3233,F
3234,F
3235,F
3236,F
3237,F
3238,F
3239,F
3240,F
3241,F
3242,F
3243,F
3244,F
3245,F
3246,F
3247,F
3248,F
3249,F
3250,F
3251,F
3252,F
3253,F
3254,F
3255,F
3256,F
1572,M
1574,M
1576,M
1578,M
1584,M
1586,M
1590,M
1593,M
1594,M
1595,M
1596,M
1597,M
1598,M
1599,M
1600,M
1601,M
1602,M
1603,M
1604,M
1605,M
1606,M
1607,M
1608,M
1609,M
1610,M
1611,M
1612,M
1613,M
1614,M
1615,M
1616,M
1617,F
1618,F
1619,F
1620,F
1621,F
1622,M
1623,M
1624,M
1625,M
1626,M
1627,M
1628,M
1629,M
1630,M
1631,M
1632,M
1633,M
1634,M
1635,M
1636,M
1637,M
1638,M
1639,M
1640,M
1641,M
1642,M
1643,M
1644,M
1645,M
1646,M
1647,M
1648,M
1649,M
1650,M
1651,M
1652,M
1653,M
1654,M
1655,M
1656,M
1657,M
1658,M
1659,M
1660,M
1661,M
1662,M
1663,M
1664,M
1665,M
1666,M
1667,F
1668,F
1669,F
1670,F
1671,F
1672,F
1673,F
1674,F
1675,F
1676,F
1677,F
1678,F
1679,F
1680,F
1681,F
1682,F
1683,F
1684,F
1685,F
1686,F
1687,F
1688,F
1690,F
3257,F
1692,M
1693,M
1694,M
1695,M
1696,M
1697,M
1698,M
1699,M
1700,M
1701,M
1702,M
1703,M
1704,M
1705,M
1706,F
1707,F
1708,F
1709,F
1710,F
1711,F
1712,M
1713,M
1714,M
1715,M
1716,M
1717,M
1718,M
1719,M
1720,M
1721,M
1722,M
1723,M
1724,F
1725,F
1726,F
1727,F
1728,F
1729,F
1730,F
1731,F
1732,F
1733,F
1734,F
1735,F
1736,F
1737,F
1738,F
1739,F
1740,F
1741,F
1742,F
1743,F
1744,F
1745,F
1746,F
1747,F
1748,F
1749,F
1750,F
1751,F
1752,F
1753,F
1754,F
1755,F
1756,F
1757,F
1758,F
1759,F
1760,F
1761,F
1762,F
1763,F
1764,F
1765,F
1766,F
1767,F
1768,F
1769,F
1770,F
1771,F
1772,F
1773,F
1774,F
1775,F
1776,F
1777,F
1778,F
1779,F
1780,F
1781,F
1782,F
1783,F
1784,F
1785,F
1786,F
1787,F
1788,F
1789,F
1790,F
1791,F
1792,F
1793,F
1794,F
1795,F
1796,F
1797,F
1798,F
1799,F
1800,F
1801,F
1802,F
1803,F
1804,F
1805,F
1806,F
1807,F
1808,M
1809,M
1810,M
1811,M
1812,M
1813,M
1814,M
1815,M
1816,M
1817,M
1818,M
1819,M
1820,M
1821,M
1822,M
1823,M
1824,M
1825,M
1826,M
1827,M
1828,M
1829,M
1830,M
1831,M
1832,M
1833,M
1834,M
1835,M
1836,M
1837,M
1838,M
1839,M
1840,M
1841,M
1842,M
1843,M
1844,M
1845,M
1846,M
1847,M
1848,M
1849,M
1850,M
1851,M
1852,M
1853,M
1854,M
1855,M
1856,M
1857,M
1858,M
1859,M
1860,M
1861,M
1862,M
1863,M
1864,M
1865,M
1866,M
1867,M
1868,M
1869,M
1870,M
1871,M
1872,M
1873,M
1874,M
1875,M
1876,M
1877,M
1878,M
1879,M
1880,M
1881,M
1882,M
1883,M
1884,M
1885,M
1886,M
1887,M
1888,M
1889,M
1890,M
1891,M
1892,M
1893,M
1894,M
1895,M
1896,M
1897,M
1898,M
1899,M
1900,M
1901,M
1902,M
1903,M
1904,M
1905,M
1906,M
1907,M
1908,M
1909,M
1910,M
1911,M
1912,M
1913,M
1914,M
1915,M
1916,M
1917,M
1918,M
1919,M
1920,M
1921,M
1922,M
1923,M
1924,M
1925,F
1926,F
1927,F
1928,F
1929,F
1930,F
1931,F
1932,F
1933,F
1934,F
1935,F
1936,F
1937,F
1938,F
1939,F
1940,F
1941,F
1942,F
1943,F
1944,F
1945,F
1946,F
1947,F
1948,F
1949,F
1950,F
1951,F
1952,F
1953,F
1954,F
1955,F
1956,F
1957,F
1958,F
1959,F
1960,F
1961,F
1962,F
1963,F
1964,F
1965,F
1966,F
1967,F
1968,F
1969,F
1970,F
1971,F
1972,F
1973,F
1974,F
1975,F
1976,F
1977,F
1978,F
1979,F
1980,F
1981,F
1982,F
1983,F
1984,F
1985,F
1986,F
1987,F
1988,F
1989,M
1990,M
1991,M
1992,M
1993,M
1994,M
1995,M
1996,M
1997,M
1998,M
1999,M
2000,M
2001,M
2002,M
2003,M
2004,M
2005,M
2006,M
2007,M
2008,M
2009,M
2010,M
2011,M
2012,M
2013,M
2014,M
2015,M
2016,M
2017,M
2018,M
2019,M
2020,M
2021,M
2022,M
2023,M
2024,M
2025,M
2026,M
2027,M
2028,M
2029,M
2030,M
2031,M
2032,M
2033,M
2034,M
2035,M
2036,M
2037,M
2038,M
2039,M
2040,M
2041,M
2042,M
2043,M
2044,M
2045,M
2046,M
2047,M
2048,M
2049,M
2050,M
2051,M
2052,M
2053,M
2054,M
2055,F
2056,F
2057,M
2058,M
2059,M
2060,M
2061,F
2062,F
2063,F
2064,F
2065,M
2066,M
2067,M
2068,M
2069,M
2070,M
2071,M
2072,F
2073,F
2074,F
2075,F
2076,F
2077,F
2078,F
2079,F
2080,F
2081,F
2082,F
2083,F
2084,F
2085,F
2086,F
2087,F
2088,F
2089,F
3258,F
2091,F
2092,F
2093,F
2094,F
2095,F
2096,F
2097,F
2098,F
2099,F
2100,F
2101,F
2102,F
2103,F
2104,F
2105,F
2106,F
2107,F
2108,M
2109,M
2110,M
2111,M
2112,M
2113,M
2114,M
2115,M
2116,M
2117,M
2118,M
2119,M
2120,M
2121,M
2122,M
2123,M
2124,M
2125,M
2126,M
2127,M
2128,M
2129,M
2130,M
2131,M
2132,M
2133,M
2134,M
2135,M
2136,M
2137,M
2138,M
2139,M
2140,M
2141,M
2142,M
2143,M
2144,M
2145,M
2146,M
2147,M
2148,M
2149,M
2150,M
2151,M
2152,M
2153,M
2154,M
2155,M
2156,M
2157,M
2158,M
2159,M
2160,F
2161,F
2162,F
2163,F
2164,F
2165,F
2166,F
2167,M
2168,M
2169,M
2170,M
2171,M
2172,M
2173,M
2174,M
2175,M
2176,M
2177,M
2178,M
2179,M
2180,M
2181,M
2182,M
2183,M
2184,M
2185,M
2186,M
2187,F
2188,F
2189,F
2190,F
2191,F
2192,M
2193,M
2194,M
2195,M
2196,M
2197,M
2198,M
2199,M
2200,M
2201,M
2202,M
2203,F
2204,F
2205,F
2206,F
2207,F
2208,F
2209,F
2210,M
2211,M
2212,M
2213,M
2214,M
2215,M
2216,M
2217,M
2218,M
2219,M
2220,M
2221,M
2222,M
2223,M
2224,M
2225,M
2226,M
2227,M
2228,M
2229,F
2230,F
2231,F
2232,F
2233,F
2234,F
2235,M
2236,M
2237,M
2238,F
2239,F
2240,F
2241,F
2242,F
2243,F
2244,F
2245,F
2246,F
2247,F
2248,F
2249,F
2250,F
2251,F
2252,F
2253,F
2254,F
2255,F
2256,F
2257,F
2258,M
2259,M
2260,M
2261,M
2262,M
2263,M
2264,M
2265,M
2266,M
2267,M
2268,M
2269,M
2270,M
2271,M
2272,M
2273,M
2274,M
2275,M
2276,M
2277,M
2278,M
2279,M
2280,M
2281,M
2282,M
2283,M
2284,M
2285,M
2286,M
2287,M
2288,M
2290,F
2291,F
2292,F
2294,F
2295,F
2296,F
2297,F
2298,F
2299,F
2300,F
2301,F
2302,M
2303,M
3259,F
2305,M
2306,M
2307,M
2308,M
2309,M
2310,M
2311,M
2312,M
3260,F
2314,M
2315,M
2316,M
2317,F
2318,F
2319,F
2320,F
2321,F
2322,F
2323,F
2324,F
2325,F
2326,F
2327,F
2328,F
2329,F
2330,F
2331,F
2332,F
2333,F
2334,F
2335,F
2336,F
2337,F
2338,F
2339,F
2340,F
2341,F
2342,F
2343,M
2344,M
2345,M
2346,M
2347,M
2348,M
2349,M
2350,M
2351,M
2352,M
2353,M
2354,M
2355,M
2356,M
2357,M
2358,M
2359,M
2360,M
2361,M
2362,M
2363,M
2364,M
2365,M
2366,M
2367,M
2368,M
2369,M
2370,M
2371,M
2372,M
2373,M
2374,M
2375,M
2376,M
2377,M
2378,M
2379,M
2380,F
2381,F
2382,F
2383,F
2384,F
2385,F
2386,F
2387,F
2388,F
2389,F
2390,F
2391,F
2392,F
2393,F
2394,F
2395,F
2396,F
2397,F
2398,F
2399,F
2400,F
2401,F
2402,F
2403,F
2404,F
2405,F
2406,F
2407,F
2408,F
2409,F
2410,F
2411,F
2412,F
2413,F
2414,F
2415,F
2416,F
2417,F
2418,F
2419,F
2420,F
2421,F
2422,F
2423,F
2424,F
2425,F
2426,F
2427,F
2428,F
2429,F
2430,F
2431,F
2432,F
2433,F
2434,F
2435,F
2436,F
2437,M
2438,M
2439,M
2440,M
2441,M
2442,M
2443,M
2444,M
2445,M
2446,M
2447,M
2448,M
2449,M
2450,M
2451,M
2452,M
2453,M
2454,M
2455,M
2456,M
2457,M
2458,M
2459,M
2460,M
2461,M
2462,M
2463,M
2464,M
2465,M
2466,M
2467,M
2468,M
2469,M
2470,M
2471,M
2472,M
2473,M
2474,M
2475,M
2476,M
2477,M
2478,M
2479,M
2480,M
2481,M
2482,M
2483,M
2484,M
2485,M
2486,M
2487,M
2488,M
2489,M
2490,M
2491,M
2492,M
2493,M
2494,M
2495,M
2496,M
2497,M
2498,M
2499,F
2500,F
2501,F
2502,F
2503,F
22520,M
2505,F
2506,F
2507,F
2508,F
2509,F
2510,F
2511,F
2512,F
2513,F
2514,F
2515,F
2516,F
2517,F
2518,F
2519,F
2520,F
2521,F
2522,F
2523,F
2524,F
2525,F
2526,F
2527,F
2528,F
2529,F
2530,F
2531,F
2532,F
2533,F
2534,F
2535,F
2536,F
2537,F
2538,M
2539,M
2540,M
2541,M
2542,M
2543,M
2544,M
2545,M
2546,M
2547,M
2548,M
2549,M
2550,M
2551,M
2552,M
2553,M
2554,M
2555,M
2556,M
2557,M
2558,M
2559,M
2560,M
2561,M
2562,M
2563,M
2564,M
2565,M
2566,M
2568,M
2569,M
2570,M
2571,M
2572,M
2573,M
2574,M
2575,M
2576,M
2577,M
2578,M
2579,M
2580,M
2581,M
2582,M
2583,M
2584,M
2585,M
2586,M
2587,M
2588,M
2589,M
2590,M
2591,M
2593,M
2594,M
2595,M
2596,M
2597,M
2598,M
2599,M
2600,M
2601,M
2602,M
2603,M
2604,M
2605,M
2606,M
2607,M
2608,M
2609,M
2610,M
2611,M
2612,M
2613,M
2614,M
2615,M
2616,M
2617,M
2618,M
2619,M
2620,M
2621,M
2622,M
2623,M
2624,M
2625,M
2626,M
2627,M
2629,M
2630,M
2631,M
2632,M
2633,M
2634,M
2635,M
2636,M
2637,M
2638,M
2639,M
2640,M
2641,M
2642,M
2643,M
2644,M
2645,M
2646,M
2647,M
2648,M
2649,M
2650,M
2651,M
2652,M
2653,M
2654,M
2655,M
2656,M
2657,M
2658,M
2659,M
2660,F
2661,F
2662,F
2663,F
2664,F
2665,F
2666,F
2667,F
2668,F
2669,F
2670,F
2671,F
2672,F
2673,F
2674,F
2675,F
2676,F
2677,F
2678,F
2679,F
2680,F
2681,F
2682,F
2683,F
2684,F
2685,F
2686,F
2687,M
2688,M
2689,M
2690,M
2691,M
2692,M
2693,M
2694,M
2695,M
2696,M
2697,M
2698,F
2699,F
2700,F
2702,F
2703,F
2704,F
2705,F
2706,F
2707,F
2708,F
2709,F
2710,F
2711,F
2712,F
2713,F
2714,F
2715,F
2716,F
2718,F
2719,F
2720,F
2721,F
2722,F
2723,M
2724,M
2725,M
2726,M
2727,M
2728,M
2729,M
2730,M
2731,M
2732,M
2733,M
2734,M
2735,M
2736,M
2737,M
2738,M
2739,M
2740,M
2741,M
2742,M
2743,M
2744,M
2745,M
2746,M
2747,M
2748,M
2749,M
2750,M
2751,M
2752,M
2753,M
2754,M
2755,M
2756,M
2758,M
2759,M
2760,M
2761,M
2762,M
2763,M
2765,M
2769,M
2770,M
2771,M
2772,F
2773,F
2774,F
2775,F
2776,M
2777,M
2778,M
2779,M
2780,M
2781,M
2782,M
2783,M
2784,M
2785,M
2786,M
2787,M
2788,M
2789,F
2790,F
2791,F
2792,F
2793,F
2794,F
2795,M
2796,M
2797,M
2798,M
2799,M
2800,M
2801,M
2802,M
2803,M
2804,M
2805,M
2806,M
2807,M
2808,M
2809,F
2810,F
2811,F
2812,M
2813,M
2814,M
2815,M
2816,M
2817,M
2818,M
2819,M
2820,F
2821,M
2822,M
2823,M
2824,F
2825,F
2826,F
2827,F
2828,F
2829,F
2830,F
2831,F
2832,F
2833,F
2834,F
2768,M
2835,F
2836,F
2837,F
2838,F
2839,F
2840,F
2841,F
2842,F
2843,F
2844,F
2845,F
2846,F
2847,F
2848,F
2849,F
2850,F
2851,M
2852,M
2853,M
2854,M
2855,M
2857,M
2858,M
2859,M
2860,M
2861,M
2862,M
2863,M
2864,M
2865,M
2866,M
2867,M
2868,M
2869,M
2870,M
2871,M
2872,M
2873,M
2874,M
2875,M
2876,M
2877,M
2878,M
2879,M
2880,M
2881,M
2882,M
2883,M
2884,M
2885,M
2886,M
2887,M
2888,M
2889,M
2890,M
2891,F
2892,F
2893,F
2894,F
2895,M
2896,M
2897,M
2898,M
2899,M
2900,M
2901,M
2902,M
2903,M
2904,M
2905,M
2906,M
2907,M
2908,M
2909,M
2910,M
2911,M
2912,M
2913,M
2914,M
2915,M
2916,M
2917,M
2918,M
2919,M
2920,F
2921,F
2922,F
2923,F
2924,F
2925,F
2926,F
2927,F
2928,F
2929,F
2930,F
2931,F
2932,F
2933,F
2934,F
2935,F
2936,F
2937,F
2938,F
2939,F
2940,F
2941,F
2942,F
2943,F
2944,M
2945,M
2946,M
2947,M
2948,M
2949,M
2950,M
2951,M
2952,M
2953,M
2954,M
2955,M
2956,M
2957,M
2959,M
2960,M
2961,M
2962,M
2963,M
2964,M
2965,M
2966,M
2967,M
2968,M
2969,M
2970,M
2971,M
2972,M
2973,M
2974,M
2975,M
2976,M
2977,M
2978,M
2979,M
2980,M
2981,M
2982,M
2983,M
2984,M
2985,M
2986,M
2987,M
2988,M
2989,M
2990,M
2991,M
2992,F
2993,F
2994,M
2995,M
2996,F
2997,F
2998,F
2999,F
3000,F
3001,F
3002,F
3003,F
3004,F
3005,F
3006,F
3007,F
3008,F
3009,M
3010,M
3011,M
3012,M
3013,M
3014,M
3015,M
3016,M
3017,M
3018,M
3019,M
3020,M
3021,M
3022,M
3023,M
3024,M
3025,M
3026,M
3027,F
3028,F
3029,F
3030,F
3031,F
3032,F
3033,F
3034,F
3035,F
3036,F
3037,F
3038,F
3039,F
3040,F
3041,F
3042,F
3043,F
3044,F
3045,F
3046,F
3047,F
3048,F
3049,F
3050,M
3051,M
3052,M
3053,M
3054,M
3055,M
3056,M
3057,M
3058,M
3059,M
3060,M
3061,M
3062,M
3063,M
3064,M
3065,M
3066,M
3067,M
3068,M
3069,M
3070,M
3071,M
3072,M
3073,M
3074,M
3075,M
3076,M
3077,M
3078,M
3079,M
3080,M
3081,M
3082,M
3083,M
3084,M
3085,M
3086,F
3087,F
3088,F
3089,M
3090,M
3091,M
3092,M
3093,M
3094,M
3095,M
3096,M
3097,F
3098,F
3099,F
3100,F
3101,F
3102,F
3103,F
3104,F
3105,F
3106,F
3108,F
3109,F
3110,F
3111,F
3112,F
3113,F
3114,F
3261,F
3262,F
3263,M
3264,M
3265,M
3266,M
3267,M
3268,M
3269,M
3270,M
3271,M
3272,M
3273,M
3274,M
3275,M
3276,M
3277,M
3278,M
3279,M
3280,M
3281,M
3282,M
3283,M
3284,M
3285,M
3286,M
3287,M
3288,M
3289,M
3290,M
3291,M
3292,M
3293,M
3294,M
3295,M
3296,M
3297,M
3298,M
3299,M
3300,M
3301,M
3302,M
3303,M
3304,M
3305,M
3306,M
3307,M
3308,M
3309,M
3310,M
3311,M
3312,M
3313,F
3314,F
3315,F
3316,F
3317,F
3318,F
3319,F
3320,F
3321,F
3322,F
3323,F
3324,F
3325,M
3326,M
3327,M
3328,M
3329,M
3330,M
3331,M
3332,M
3333,M
3334,M
3335,M
3336,M
3337,M
3338,M
3339,M
3340,M
3341,M
3342,M
3343,M
3344,M
3345,M
3346,M
3347,M
3348,M
3349,M
3350,M
3351,M
3352,M
3353,M
3354,M
3355,M
3356,M
3357,M
3358,M
3359,F
3360,F
3361,F
3362,F
3363,F
3364,F
3365,F
3366,F
3367,F
3368,F
3369,F
3370,F
3371,F
3372,F
3373,F
3374,F
3375,F
3376,F
3377,F
3378,F
3379,F
3380,F
3381,F
3382,F
3383,F
3384,F
3385,F
3386,M
3387,M
3388,M
3389,M
3390,M
3391,M
3393,M
3394,M
3395,M
3396,M
3397,M
3398,M
3399,M
3400,M
3401,M
3402,M
3403,M
3404,M
3405,M
3406,M
3407,M
3408,M
3409,M
3410,M
3411,M
3412,M
3413,M
3414,M
3415,M
3416,M
3417,M
3418,M
3419,M
3420,M
3421,M
3422,M
3423,F
3424,F
3425,F
3426,F
3427,F
3428,F
3429,F
3430,F
3431,F
3432,F
3433,F
3434,M
3435,M
3437,M
3438,M
3439,M
3440,M
3441,M
3442,M
3443,M
3444,M
3445,M
3446,M
3447,M
3448,M
3449,M
3450,M
3451,M
3452,M
3453,M
3454,M
3455,M
3456,M
3457,M
3458,M
3459,F
3460,F
3461,F
3462,F
3463,F
3464,F
3465,F
3466,M
3467,F
3468,F
3469,F
3470,F
3471,M
3472,M
3473,M
3474,M
3475,M
3476,M
3477,M
3478,F
3479,F
3480,F
3481,F
3482,M
3483,M
3484,M
3485,M
3486,M
3487,F
3488,F
3489,F
3490,F
3491,F
3492,M
3493,M
3494,M
3495,M
3496,M
3497,M
3498,M
3499,M
3500,M
3501,F
3502,M
3522,M
3537,F
3543,M
3547,M
3559,M
3586,F
3595,M
3596,M
3613,M
3699,M
3714,M
3742,F
3755,F
3782,M
3787,M
3789,M
3790,M
3823,F
3832,M
3835,M
3859,M
3862,F
3864,F
3865,F
3866,F
3869,F
3875,M
3883,M
3884,M
3887,M
3889,F
3901,M
3914,M
3960,M
3963,M
3964,M
3968,F
3980,F
3984,M
4006,M
4025,F
4044,M
4053,F
4057,M
4065,M
4081,M
4084,M
4092,F
4093,F
4115,F
4116,F
4117,F
4123,M
4136,M
4138,M
4144,M
4151,F
4153,F
4154,M
4185,M
4191,M
4194,M
4205,M
4221,M
4223,F
4230,F
4231,F
4233,F
4237,F
4238,F
4241,F
4249,F
4251,F
4252,F
4314,M
4315,M
4316,M
4320,M
22521,M
4336,M
4340,M
4354,M
4361,M
4368,M
4369,M
4347,M
4394,M
4397,M
4431,M
4433,M
4443,M
4449,M
4468,M
4476,M
4482,M
4520,F
4530,M
4535,M
4542,F
4545,F
4549,F
4550,F
4555,F
4560,F
4563,M
4573,M
4575,M
4580,M
4585,M
4589,M
4590,M
4599,F
4627,M
4631,F
4637,M
4638,M
4640,M
4648,M
4655,F
4656,F
4660,F
4665,F
4669,F
4673,F
4681,F
4689,M
4692,M
4699,M
4700,M
4702,M
4704,M
4705,M
4719,M
4722,M
4723,M
4726,M
4728,M
4732,M
4733,M
4735,M
22522,M
4763,F
4766,F
4774,F
4778,F
4785,F
4786,F
4787,F
4790,F
4791,F
4793,F
4794,F
4799,F
4821,F
4841,M
22523,M
4865,M
4877,M
4878,M
4879,M
4881,M
4883,M
4884,M
4889,M
4900,M
4901,M
4910,M
4917,M
4918,M
4931,M
4957,F
4959,F
4971,F
4977,F
4997,M
4999,M
5001,M
5003,M
5005,M
5006,M
5007,M
5013,M
5025,M
5033,M
5034,M
5038,M
5050,M
5061,F
5065,F
5074,F
5130,M
5132,M
5135,M
5137,M
5138,M
5144,F
5147,M
5158,M
5161,M
5171,M
5173,M
5175,M
5202,F
5203,F
5215,M
5220,M
5230,M
5236,M
5264,F
5271,M
5277,F
5295,M
5297,M
5306,M
5309,M
5314,M
5313,M
5312,M
5298,F
5340,M
5344,F
5358,M
5360,M
5368,F
5374,M
5408,M
5409,M
5421,M
5426,F
5439,F
5441,F
5449,M
5450,M
5456,M
5464,M
5474,M
5488,M
5489,M
5490,M
5500,M
5512,F
5520,F
5521,F
5524,F
5568,M
5569,M
5571,M
5577,M
5582,M
5583,M
5585,M
5616,M
5619,M
5645,M
5648,F
5662,M
5670,M
5679,F
5682,F
5683,F
5685,F
5709,M
5716,M
5732,M
5735,M
5736,M
5766,F
5793,M
5794,M
5787,M
5691,F
5818,M
5828,M
22524,M
22525,M
22526,M
5900,M
5924,F
5932,M
22527,M
474,F
6062,F
22528,M
22529,M
6227,M
6276,M
22530,M
3828,M
22531,M
6342,M
6344,M
6388,M
6408,M
6425,F
6431,F
6440,F
6458,F
22532,M
6558,M
22533,M
22534,M
6820,M
6823,M
6824,M
6841,M
6845,M
6849,M
6867,F
6870,F
6885,F
6903,M
6974,M
22535,M
7022,M
7110,F
7115,F
7162,F
7259,M
7311,F
7625,M
7635,M
7641,M
7642,M
7643,M
7644,M
7652,M
7687,F
7689,M
7690,M
7691,M
7692,M
7693,M
7695,M
7696,M
7697,M
7698,M
7699,M
7700,M
7701,M
7702,M
7703,M
7704,F
7705,F
7706,F
7707,F
7709,F
7710,F
7711,F
7712,F
7713,F
7714,F
7715,F
7716,M
7717,M
7718,M
7719,M
7720,M
7721,M
7722,M
7723,M
7724,M
7725,M
7726,M
7694,M
7727,M
7728,M
7729,M
7730,M
7731,M
7732,M
7733,M
7734,M
7735,M
7736,M
7737,M
7738,M
7739,M
7740,M
7741,M
7742,M
7743,M
7744,M
7745,F
7746,F
7747,F
7748,F
7749,F
7750,F
7751,F
7752,F
7753,F
7754,F
7755,F
7756,F
7757,F
7758,F
7944,F
7945,F
7946,F
7947,F
7948,F
7949,M
7950,M
7951,M
7952,M
7953,M
7954,M
7955,M
7956,M
7957,M
7958,M
7959,M
8038,M
7961,M
7962,M
7963,M
7964,M
7965,M
7966,M
7967,M
7968,M
7969,M
7970,F
7971,F
7972,F
7973,F
7974,F
7975,M
7976,M
7977,M
7978,M
7979,M
7980,M
7981,M
7982,M
7983,M
7984,M
7985,M
7986,F
7987,F
7988,F
7989,F
7990,F
7991,F
7992,F
7993,F
7994,F
7995,M
7996,M
7997,M
7998,F
7999,F
8000,F
8001,M
8002,M
8003,M
8004,M
8005,M
8006,M
8007,M
8008,M
8009,M
8010,M
8011,M
8012,M
8013,M
8014,M
8015,M
8016,M
8017,M
8018,M
8019,M
8020,M
8021,M
8022,M
8023,M
8024,F
8025,F
8026,F
8027,F
8028,F
8029,F
8030,F
8031,F
8032,F
8033,F
8034,F
8035,F
8036,F
8037,M
8039,M
8040,M
8041,M
8042,M
8043,M
8044,M
8045,M
8046,M
8047,M
8048,M
8049,M
8050,M
8051,M
8052,M
8053,M
8054,M
8055,M
8056,M
8057,M
8058,M
8059,M
8060,M
8061,M
8062,M
8063,M
8064,M
8065,M
8067,M
8068,M
8069,M
8070,M
8071,M
8073,M
8074,M
8075,M
8077,M
8078,M
8079,M
8080,M
8081,M
8082,M
8084,M
8085,M
8086,M
8087,M
8088,M
8090,M
8091,M
8093,M
8094,M
8095,M
8096,M
8097,M
8098,M
8099,M
8101,M
8104,M
8105,M
8108,M
8109,F
8110,M
8111,F
8112,F
8113,F
8114,F
8115,F
8116,F
8117,F
8118,F
8119,F
8120,F
8121,F
8122,F
8123,F
8124,F
8125,F
8126,F
8127,F
8128,F
8129,F
8130,F
8131,F
8132,F
8133,F
8134,F
8135,F
8136,M
8138,M
8139,M
8140,M
8141,M
8142,M
8143,M
8144,M
8145,M
8146,M
8147,M
8183,F
22536,M
10999,M
7289,F
11289,M
11290,M
11291,M
11292,M
11293,M
11294,M
11295,F
11296,F
11297,F
11298,F
22537,M
11300,M
11301,M
11302,M
11303,M
11304,M
11305,M
11306,M
11307,M
11308,M
11309,M
11310,M
11311,M
11312,M
11313,M
11314,M
11315,M
11316,M
11317,M
11318,M
11319,M
11320,M
11321,M
11322,M
11323,M
11324,M
11325,M
11326,M
11327,M
11328,M
11329,M
11330,M
11331,M
11332,M
22538,M
11334,F
11335,F
11336,F
11337,F
11338,F
11339,F
11340,F
11341,F
11342,F
11343,F
11344,F
11345,F
11346,F
11347,F
11348,F
11349,F
11350,F
11351,F
11352,F
11353,M
11354,M
11355,M
11356,M
11357,M
11358,M
11359,M
11360,F
11361,F
11362,F
11363,F
11364,F
11365,F
11366,M
11367,M
11368,M
11369,M
11370,M
11371,M
11372,M
11373,M
11374,M
22539,M
11376,F
11377,F
22540,M
11379,M
11380,M
11381,M
11382,M
11383,M
11384,M
11385,M
11386,M
11387,M
11388,M
11389,M
11390,M
11391,M
11392,M
11393,M
11394,M
11395,M
11396,M
11397,M
11398,M
11399,M
11400,M
11401,M
11402,M
11403,M
11404,M
11405,M
11406,M
11407,M
11408,M
11409,M
11410,M
11411,M
11412,M
11413,M
11414,M
11415,M
11416,M
11417,M
11418,M
11419,M
11420,M
11421,M
11422,M
11423,M
11424,F
11425,F
11426,F
11427,F
11428,F
11429,F
11430,F
11431,F
11432,F
11433,F
11434,F
11435,F
11436,F
11437,F
11438,F
11439,F
11440,F
11441,F
11442,F
11443,F
11444,F
11445,F
11446,F
11447,F
11448,F
11449,F
11450,F
11451,F
11452,F
11453,F
11454,F
11455,F
11456,F
11457,F
11458,F
11459,F
11460,F
11461,F
11462,F
11463,F
11464,F
11465,F
11466,F
11467,F
11468,F
11469,F
11470,F
11471,F
11472,F
11473,F
11474,F
11475,F
11476,F
11477,F
11478,F
11479,F
11480,M
11481,M
11482,M
11483,M
11484,M
11485,M
11486,M
22541,M
11488,M
11489,M
11490,M
11491,M
11492,M
11493,M
11494,M
11495,M
11496,M
11497,M
11498,M
11499,M
11500,M
11501,M
11502,M
11503,M
11504,M
11505,M
11506,M
11507,M
11508,M
11509,M
11510,M
11511,M
11512,M
22542,M
11514,M
11515,M
11516,M
11517,M
11518,M
11519,M
11520,M
11521,M
11522,M
11523,M
11524,M
11525,M
11526,M
11527,M
11528,M
22543,F
22544,F
17373,M
17375,M
17555,M
17562,F
16112,M
16113,M
16114,M
16115,M
16116,M
16117,M
16118,M
16119,M
16120,M
16121,M
16122,M
16123,M
16124,M
16125,M
16126,M
16127,M
16128,M
16129,M
16130,M
16131,M
16132,M
16133,M
16134,M
16135,M
16136,M
16137,M
16138,M
16139,M
16140,M
16141,M
16142,M
16143,M
16144,M
16145,M
16146,M
16147,M
16148,M
16149,M
16150,M
16151,M
16152,M
16153,F
16154,F
16155,F
16156,F
16157,F
16158,F
16159,F
16160,F
16161,F
16162,F
16163,F
16164,F
16165,F
16166,F
16167,F
16168,F
16169,F
16170,F
16171,F
16172,F
16173,F
16174,F
16175,F
16176,F
16177,F
17557,M
17703,M
17734,F
17940,M
17740,M
17931,F
17932,F
17937,F
18052,F
18189,F
18201,M
18264,F
18271,F
18288,M
18297,F
18037,F
18040,F
18085,M
18115,M
18130,M
18131,M
22545,F
22546,F
22547,F
22548,F
22549,F
18322,M
22550,F
22551,F
22552,F
22553,F
22554,F
22555,F
22556,F
22557,F
22558,F
22559,F
22560,F
22561,F
18555,M
18557,M
18558,M
18559,M
18560,M
18561,M
18562,M
18563,M
18564,M
18565,M
18566,M
18567,M
18568,M
18569,M
18570,M
18571,M
18572,M
18573,M
18574,M
18575,M
18576,M
18577,M
18578,M
18579,M
18580,M
18581,M
18582,M
18583,M
18584,M
18585,M
18586,M
18587,M
18588,M
18589,M
18590,M
18591,M
18592,M
18593,F
18595,F
18596,F
18598,F
18599,F
18600,F
18601,F
18602,F
18603,F
18604,F
18605,F
18606,F
18607,F
18608,F
18609,F
18610,F
18611,F
18612,F
18613,F
18614,F
18710,M
18712,M
18724,M
6285,F
18725,F
18726,F
18727,F
18728,M
18730,M
18731,M
18732,M
18733,M
18734,M
18735,M
18736,M
18737,M
18738,M
18739,M
18740,F
18741,F
18742,M
18743,M
18744,M
18745,M
18746,M
18747,M
18748,M
18749,M
18750,M
18751,M
18752,M
18753,M
18754,M
18755,M
18756,M
18757,M
18758,F
18760,F
18761,F
18762,F
18763,F
18764,F
18765,F
18766,F
18767,F
18768,F
18769,M
18770,M
18771,M
18772,M
18773,M
18774,M
18775,M
18776,M
18777,F
18778,F
18779,F
18780,M
18781,M
18782,M
18783,M
18784,M
18785,M
18786,M
18787,M
18788,M
18789,M
18790,M
18791,M
18792,M
18793,F
18794,F
18795,F
18796,F
18797,F
18798,F
18799,F
18800,M
18801,M
18802,M
18803,M
18804,M
18805,M
18806,M
18807,M
18808,M
18809,F
18810,F
18811,F
18812,F
18813,F
18814,F
18815,F
18816,F
18817,F
18818,F
18819,F
18820,F
18821,F
18822,F
18823,F
18824,F
18825,F
18826,F
18827,F
18828,F
18829,F
18830,F
18831,F
18832,F
18833,F
18834,F
18835,F
18836,F
18837,F
18838,F
18839,F
18840,F
18841,F
18842,F
18843,F
18844,F
18845,F
18846,F
18847,F
18848,F
18849,F
18850,F
18851,F
18852,F
18853,F
18854,F
18855,F
18856,F
18857,F
18858,F
18859,F
18860,F
18861,F
18862,F
18863,F
18864,F
18866,M
18867,M
18868,M
18869,M
18870,M
18871,M
18872,M
18873,M
18874,M
18875,M
18876,M
18877,M
18878,M
18879,M
18880,M
18881,M
18882,M
18883,M
18884,M
18885,M
18886,M
18887,M
18888,M
18889,M
18890,M
18891,M
18892,M
18893,M
18894,M
18895,M
18896,M
18897,M
18898,M
18899,M
18900,M
18901,M
18902,M
18903,M
18904,M
18905,M
18906,M
18907,M
18908,M
18909,M
18910,M
22586,M
22587,F
18911,F
18912,F
18913,F
18914,F
18915,M
18916,F
18917,F
18918,F
18919,M
18920,M
18921,F
18922,F
18923,F
18924,F
18925,F
18926,F
18927,F
18928,F
18929,F
18930,F
18931,F
18932,F
18933,F
18934,F
18935,F
18936,F
18937,F
18938,F
18939,F
18940,F
18941,F
18942,F
18943,F
18944,F
18945,F
18946,F
22565,M
18948,F
18949,F
18950,F
18951,F
22566,M
18953,F
18954,F
18955,F
18956,F
18957,F
18958,F
18959,F
18960,F
18961,M
18962,M
18963,M
18964,M
18965,M
18966,M
18967,M
18968,M
18969,M
18970,M
18971,M
18972,M
18973,M
18974,M
18975,M
18976,M
18977,M
18978,M
18979,M
18980,M
18981,M
18982,M
22568,M
18984,M
18985,M
18986,M
18987,M
18988,M
18989,M
18990,M
18991,M
18992,M
18993,M
18994,M
18995,M
18996,M
18997,M
18998,M
22574,M
19000,M
19001,M
19002,M
19003,M
19004,M
19005,M
19006,M
19007,M
19008,M
19009,M
19010,M
19011,M
19012,M
19013,M
19014,M
19015,M
19016,M
19017,M
19018,M
19019,F
22575,M
22567,M
22569,M
22570,M
22571,M
22572,M
22573,M
22576,M
22577,F
22578,F
22581,F
22588,M
22589,M
22590,M
22591,M
22592,M
22593,M
22594,M
22595,M
22596,M
22597,M
22598,F
22599,F
22600,F
18865,M
22579,F
19360,F
19361,F
19362,M
19363,M
19364,M
19365,M
19366,F
19367,F
19368,F
19369,F
19370,F
19371,F
19372,F
19373,F
19374,M
19375,M
19376,M
19377,M
19378,M
19379,M
19380,M
19381,M
19382,M
19383,M
19384,M
19385,M
19386,M
19387,M
19388,M
19389,M
19390,M
19391,M
19392,M
19393,M
19394,M
19395,M
19396,M
19397,M
19398,M
19399,M
19400,M
19401,M
19402,M
19403,M
19404,M
19405,M
19406,M
19407,M
19408,M
19409,M
19410,M
19411,M
19412,M
19413,M
19414,M
19415,M
19416,M
19417,M
19418,M
19419,M
19420,M
19421,M
19422,M
19423,M
19424,M
19425,M
19426,M
19427,M
19428,M
19429,M
19430,M
19431,M
19432,M
19433,M
19434,M
19435,M
19436,M
19437,M
19438,M
19439,M
19440,M
19441,M
19442,M
19443,M
19445,F
19446,F
19447,F
19448,F
19449,F
19450,F
19451,F
19452,F
19453,F
19454,F
19455,F
19456,F
19457,F
19458,F
19459,F
19460,F
19461,F
19462,F
19463,F
19464,F
19465,F
19466,F
19467,F
19468,F
19469,F
19470,F
19471,F
19472,F
19473,F
19474,F
19475,F
19476,F
19477,F
19478,M
19479,M
19480,M
19481,M
19482,M
19483,M
19484,M
19485,M
19486,M
19487,M
19488,M
19489,M
19490,F
19491,F
19492,F
19493,F
19494,F
19495,F
19496,M
19497,M
19498,M
19499,F
19500,F
19501,F
19502,M
19503,M
19504,F
19505,F
22580,F
19507,F
19508,F
19509,F
19510,F
19511,F
19512,F
19513,F
19514,F
19515,F
19516,F
19517,F
19518,F
19519,F
19520,F
19521,F
19522,F
19523,F
19524,F
19525,F
19526,F
19527,F
19528,M
19529,M
19530,M
19531,M
19532,M
19533,M
19534,M
19535,M
19536,M
19538,M
19539,M
19540,M
19541,M
19542,M
19543,M
19544,M
19545,M
19546,M
19547,M
19548,M
19549,M
19550,M
19551,M
19552,M
19553,M
19554,M
19555,M
19556,M
19557,M
19558,M
19559,M
19560,M
19561,M
19562,M
19563,M
19564,M
19565,M
19566,M
19567,M
19568,M
19569,M
19570,M
19571,M
19572,M
19573,M
19574,M
19575,M
19576,M
19577,M
19578,M
19579,M
19580,M
19581,M
19582,M
19583,M
19584,M
19585,M
19586,M
19587,F
19588,F
19589,F
19590,F
19591,F
19592,F
19593,F
19594,F
19595,F
19596,F
19597,F
19598,M
19599,M
19600,M
19602,F
19603,F
19604,F
19605,F
19606,F
19607,F
19608,F
19609,F
19610,F
19611,F
19612,F
19613,F
19614,F
19615,F
19616,F
19617,M
19618,M
19619,M
19621,M
19622,M
19623,M
19624,M
19625,M
19626,M
19627,M
19628,M
19629,M
19630,M
19631,M
19632,M
19633,M
19634,M
19635,M
19636,M
19637,M
19638,M
19639,M
19640,M
19641,M
19642,M
19643,M
19644,M
19645,M
19646,M
19647,M
19648,M
19649,M
19650,M
19651,M
19652,M
19653,M
19654,M
19655,M
19656,M
19657,M
19658,M
19659,M
19660,M
19661,M
19662,M
19663,M
19664,M
19665,M
19666,M
19796,F
22582,F
19960,M
22583,F
22584,F
20392,M
20393,M
20394,F
20395,F
20396,F
20397,M
20398,M
20399,M
20400,F
20401,F
20402,F
20403,F
20404,F
20405,F
20406,F
20407,F
20408,F
20409,F
20410,F
20411,F
20412,F
20413,F
20414,F
20415,F
20416,F
20417,F
20418,F
20419,F
20420,F
20421,F
20422,F
20423,F
20424,F
20425,F
20426,M
20427,M
20428,M
20429,M
20430,M
20431,M
20432,M
20433,M
20434,M
20435,M
20436,M
20437,M
20438,M
20439,M
20440,M
20441,M
20442,M
20443,M
20444,M
20445,M
20447,M
20448,M
20449,M
20450,M
20451,M
20452,M
20453,M
20454,M
20455,F
20456,F
20457,F
20458,F
20459,F
20460,F
20461,F
20462,F
20463,F
20464,F
20465,F
20466,F
20467,M
20468,M
20469,M
20470,M
20471,M
20472,M
20473,M
20474,M
20475,M
20476,M
20477,M
20478,M
20479,M
20480,M
20481,M
20482,M
20483,F
20484,F
20485,M
20488,M
20489,M
20490,M
20491,M
20492,M
20493,M
20494,M
20495,F
20496,F
20497,M
20498,M
20763,F
20764,F
20765,M
20766,M
20767,M
20768,M
382,M
21203,M
21204,M
21205,M
21206,M
21207,M
21208,F
21209,M
21210,M
21211,F
21212,F
21213,M
21214,F
21215,F
21216,F
21217,F
21218,F
21219,F
21220,F
21221,F
21222,F
21223,F
21224,F
21225,F
21226,F
21227,F
21228,F
21229,M
21230,M
21231,M
21232,M
21233,M
21234,M
21235,M
21236,M
21237,M
21238,M
21239,M
21240,M
21241,M
21242,M
21243,M
21244,M
21245,M
21465,F
21466,F
21467,F
21468,F
21469,F
21470,M
21471,M
21472,M
21473,M
21474,M
21475,M
21476,M
21477,F
21478,F
21479,M
21480,M
21481,F
21482,M
21483,M
21484,M
21485,F
19506,F
22345,M
22346,M
22348,M
22349,M
22350,M
22351,F
22352,F
22353,F
22354,F
22355,F
22356,F
22357,F
22358,F
22359,F
22360,F
22361,F
22362,F
22363,F
22364,F
22365,F
22366,F
22367,F
22368,F
22369,F
22370,F
22371,F
22372,F
22373,F
22374,F
22375,F
22376,F
22377,F
22378,M
22379,M
22381,M
22382,M
22383,M
22384,M
22385,M
22386,M
22387,M
22388,M
22389,M
22390,M
22391,M
22392,M
22393,M
22394,M
22395,M
22396,M
22397,M
22398,M
22399,M
22400,M
22401,M
22402,M
22403,M
22404,M
22405,M
22406,M
22407,M
22408,M
22409,M
22410,M
22411,M
22412,M
22413,M
22585,F
2289,M
23383,F
23384,F
23385,F
23386,F
23387,F
23388,F
23389,F
23390,F
23391,F
23392,F
23393,F
23394,F
23395,F
23396,F
23397,F
23398,F
23399,F
23400,F
23401,F
23402,F
23403,F
23404,F
23405,F
23406,F
23407,F
23408,M
23411,M
23412,M
23413,M
23414,M
23415,M
23416,M
23417,M
23418,M
23419,M
23420,M
23421,M
23422,M
23423,M
23424,M
23425,M
23426,M
23427,M
23428,M
23429,M
23430,M
23431,M
23432,M
23433,M
23435,M
23436,M
23437,M
23438,M
23439,M
23440,M
23441,M
23442,M
23443,M
23444,M
23445,M
23446,M
23447,M
23448,M
23449,M
23450,M
23451,M
23452,M
23453,M
23454,M
23455,M
23456,M
23457,M
23458,M
23459,M
23460,M
23461,M
23462,F
23463,F
23464,F
23465,F
23466,F
23467,F
23468,F
23469,F
23471,M
23472,M
23473,M
23474,M
23475,M
23476,M
23477,M
23478,M
23479,M
23480,M
23481,M
23482,M
23483,M
23484,M
23485,M
23486,M
23487,M
23488,M
23489,M
23490,M
23491,M
23492,M
23493,M
23494,M
23495,M
23496,M
23497,M
23498,M
23499,M
23500,M
23501,M
23502,M
23503,M
23504,M
23505,M
23506,M
23507,M
23508,M
23509,M
23510,M
23511,M
23512,M
23513,M
23514,M
23515,M
23516,M
23525,F
23528,F
23532,F
23533,F
23534,F
23537,F
23538,F
23539,F
23517,M
23518,M
23519,M
23520,M
23521,M
23522,M
23523,F
23524,F
23526,F
23527,F
23529,F
23530,F
23531,F
23535,F
23536,F
23540,F
23541,F
23542,F
23543,F
23544,F
23545,F
23546,F
23547,F
23548,F
23549,F
23550,F
23551,F
23552,F
23553,F
23554,F
23555,F
23556,F
23557,F
23558,F
23559,F
23560,F
23561,F
23562,F
23563,F
23564,F
23565,F
23566,F
23567,F
23568,M
23569,M
23570,M
23571,M
23572,M
23573,M
23574,M
23575,M
23576,M
23577,M
23578,M
23579,M
23580,M
23581,M
23582,M
23583,M
23584,M
23585,M
23586,M
23587,M
23588,M
23589,M
23590,M
23591,M
23592,M
23593,M
23594,M
23595,M
23596,M
23597,M
23598,M
23599,M
23600,M
23601,M
23713,F
23714,F
23715,F
23716,F
23717,F
23718,M
23719,M
23720,M
23721,M
23722,M
23723,M
23724,M
23725,M
23726,M
23727,M
23860,F
23861,F
23862,F
23863,M
23864,M
23865,M
23866,M
23867,M
23868,M
23869,M
23870,M
23871,M
23872,M
23873,F
23874,M
23875,M
23876,M
23877,M
23878,M
23879,M
23880,M
23882,F
23883,F
23884,F
23885,F
23886,F
23887,F
23888,F
23889,F
23893,M
23894,M
23895,F
23896,F
23897,F
23898,F
23899,F
23900,F
23901,M
23902,M
23903,M
23904,M
4332,M
23922,F
23923,F
23924,F
23925,F
23926,M
23927,M
23928,M
23929,M
23930,M
23931,M
23932,M
23933,M
23934,M
23935,M
5708,M
25549,M
25996,M
1,M
