athlete_id,team_id
3,117
4,108
5,49
6,117
10,108
11,127
12,117
13,43
14,117
15,117
16,108
17,117
18,49
20,1
22,49
23,1
24,49
25,117
26,43
27,1
28,117
29,117
30,117
31,117
32,49
33,49
34,43
36,1
38,117
39,49
40,43
41,49
42,43
43,117
44,1
45,117
46,127
47,117
48,49
49,43
50,1
52,127
53,43
54,117
55,43
56,1
57,43
58,108
59,127
60,117
61,117
62,49
63,117
69,117
73,127
74,108
77,49
78,108
79,117
80,103
81,117
82,117
83,49
84,127
85,127
87,43
88,103
89,4
90,4
91,4
92,4
93,4
94,4
95,4
96,4
97,4
98,4
99,4
100,4
101,4
102,4
103,4
104,4
105,4
106,4
107,4
108,4
109,4
110,4
112,4
113,4
114,44
115,117
116,117
117,117
118,117
119,117
120,117
121,117
122,56
123,56
124,108
125,117
126,56
127,56
128,56
129,56
130,56
131,58
132,56
133,101
134,58
135,117
136,117
138,56
139,117
140,117
141,108
142,117
143,56
144,56
145,101
146,117
147,56
148,56
149,117
151,108
152,56
153,117
154,117
155,117
156,117
157,56
158,117
159,108
160,117
161,117
162,58
163,56
164,117
165,58
166,117
167,62
168,56
169,62
170,58
171,62
172,117
173,117
174,62
175,117
176,117
177,56
178,58
179,58
180,62
181,108
182,117
183,117
184,117
185,117
186,56
187,117
188,117
189,117
190,101
191,117
192,117
193,58
194,117
195,117
196,56
197,117
198,108
199,117
200,62
201,117
202,101
203,56
204,62
205,101
206,108
207,56
208,117
209,101
210,117
211,56
212,56
213,62
214,101
215,117
216,62
217,117
218,56
219,101
220,117
221,101
222,117
223,117
224,117
225,101
226,117
1,1
64,1
75,1
51,1
7,1
37,1
68,1
8,1
9,1
19,1
66,1
35,1
70,1
71,1
150,1
227,62
228,101
229,117
230,56
231,117
232,117
233,56
234,117
235,56
236,117
237,117
238,117
239,117
240,56
241,101
242,117
243,117
244,62
246,56
247,56
248,58
249,62
250,108
251,62
252,62
253,56
254,108
255,56
256,101
257,62
258,56
259,117
260,62
261,62
262,117
263,58
264,117
265,56
266,62
267,56
268,101
269,62
270,117
271,117
272,62
273,56
274,101
275,101
276,56
277,101
278,108
279,101
280,62
281,62
282,116
283,116
284,116
285,116
286,116
287,111
288,120
289,111
290,116
291,116
292,116
293,120
294,116
295,111
296,102
297,116
298,116
299,111
300,111
301,120
302,111
303,116
304,111
305,111
306,120
307,120
308,102
309,111
310,116
311,111
312,116
313,111
314,120
315,120
316,102
317,111
318,102
319,120
320,111
321,120
322,120
323,120
324,120
325,120
326,120
327,120
328,111
329,116
330,116
331,120
332,116
333,111
334,111
335,120
336,120
337,120
338,120
339,111
340,102
341,111
342,120
343,120
344,120
345,120
346,120
347,111
348,111
349,111
350,116
351,111
352,120
353,111
354,120
355,96
356,96
357,96
358,96
359,96
360,96
361,96
362,96
363,96
364,96
365,96
366,96
367,96
368,96
369,96
370,96
371,96
372,96
373,96
374,96
375,96
376,96
377,96
378,96
379,61
380,61
381,61
22345,56
383,61
384,165
385,165
386,165
387,165
388,165
389,165
390,165
391,165
392,165
393,165
394,165
395,165
396,165
397,165
398,165
399,165
400,165
401,165
402,165
403,165
404,112
405,112
406,112
407,112
408,112
409,112
410,112
411,112
412,112
413,112
414,112
415,112
416,112
417,112
418,112
419,112
420,112
421,112
422,112
423,112
424,112
425,112
426,112
427,112
428,112
429,112
430,112
431,112
432,112
433,112
434,112
435,112
436,112
437,112
438,112
439,112
440,112
441,112
442,116
443,116
444,116
445,116
446,116
447,116
448,116
449,116
450,116
451,116
453,116
454,116
455,116
456,116
457,116
458,116
459,116
460,116
461,116
462,116
463,119
464,119
465,119
466,167
467,167
468,167
469,1
470,1
471,1
472,1
473,1
475,76
476,90
479,68
480,94
482,68
486,79
488,76
489,63
491,68
493,90
494,68
495,94
496,79
497,90
500,90
501,76
502,76
617,167
22346,43
510,79
514,79
518,68
520,79
522,79
523,79
525,90
526,79
527,63
528,63
531,90
532,94
535,79
536,94
538,79
541,63
542,79
543,90
544,79
545,90
546,63
1230,146
549,94
552,90
553,94
554,63
557,76
559,76
560,76
562,76
563,63
564,68
565,94
566,63
567,164
568,164
569,132
570,167
571,167
572,132
573,164
574,164
575,164
576,159
577,167
578,164
579,164
580,167
581,167
582,167
583,159
584,132
585,167
587,132
588,137
589,137
590,159
591,159
592,138
593,138
594,164
595,164
597,167
598,138
599,138
600,164
601,138
602,164
603,132
604,138
605,142
606,164
607,138
608,164
609,138
610,164
611,138
612,132
613,164
614,164
615,142
616,167
618,164
619,159
620,164
621,167
622,167
623,137
624,164
625,132
626,164
627,167
628,137
629,164
630,138
631,138
632,167
633,137
634,168
635,132
636,132
637,132
638,167
639,142
640,164
641,164
642,167
643,159
644,138
645,138
646,159
647,167
648,159
649,132
650,159
651,138
652,167
653,138
654,168
655,167
656,164
657,164
658,142
659,164
660,138
661,142
662,137
663,167
664,137
665,167
666,167
667,167
668,159
669,167
670,167
671,168
672,167
673,167
674,159
675,164
676,159
677,159
678,132
539,88
529,88
474,88
481,88
492,88
561,88
550,88
551,88
519,88
477,79
524,88
534,88
558,88
530,88
504,88
517,88
484,88
483,79
498,79
490,79
512,79
533,79
509,79
516,88
485,79
511,79
503,79
499,79
537,79
679,164
680,167
681,167
682,132
683,164
684,167
685,167
686,164
687,132
688,167
689,164
690,138
691,164
692,132
693,132
694,159
695,167
696,167
697,164
699,132
700,164
701,168
702,167
703,138
704,167
705,159
706,159
707,167
708,167
709,164
710,167
711,167
712,167
713,159
714,159
715,168
716,142
717,167
718,137
719,164
720,167
721,164
722,138
723,164
724,159
725,132
726,167
727,164
728,164
729,164
730,138
731,164
732,168
733,159
734,167
735,137
736,167
737,142
738,164
739,132
740,167
741,164
742,167
743,167
744,159
745,159
746,142
747,164
748,164
749,164
750,164
751,167
752,159
753,159
754,167
755,138
756,142
757,167
758,132
759,142
760,167
761,159
762,159
763,164
764,159
765,142
766,164
767,142
768,132
769,132
770,138
771,142
772,164
773,164
774,137
775,167
776,138
777,168
778,167
779,164
780,164
781,159
782,167
783,167
784,137
785,159
786,164
787,137
788,137
789,159
790,167
791,168
792,167
793,132
794,167
795,164
796,167
797,159
798,159
799,137
800,164
801,164
802,138
803,164
804,137
805,142
806,159
807,188
808,188
809,204
810,188
811,188
812,188
813,188
814,188
815,188
816,188
817,188
818,188
819,196
820,196
821,188
822,188
823,188
824,188
825,196
826,196
827,204
828,204
829,188
830,188
831,204
832,204
833,196
834,196
835,204
836,204
837,204
838,204
839,204
840,204
841,204
842,204
843,204
844,204
845,188
846,188
847,204
848,204
849,204
850,204
851,188
852,188
853,188
854,188
855,188
856,188
857,204
858,204
859,196
860,196
861,196
862,196
863,188
865,205
866,196
867,188
868,204
869,204
870,204
871,204
872,204
873,204
874,204
875,204
876,188
877,188
878,188
879,188
880,188
881,188
882,188
883,188
885,188
886,188
887,188
888,188
889,188
890,204
891,196
892,196
893,204
894,204
895,196
896,196
897,204
898,204
899,204
900,204
901,204
902,204
903,204
904,204
907,204
909,188
911,204
913,196
914,204
916,188
918,188
920,204
922,204
924,204
926,188
928,188
930,204
933,204
935,204
937,188
939,188
941,188
943,204
945,188
947,196
949,196
951,188
953,188
955,196
957,204
959,204
960,196
962,204
964,204
966,188
968,196
970,101
973,103
974,101
977,111
979,103
981,103
982,111
984,111
986,103
989,111
990,146
992,146
994,146
996,146
998,146
1000,131
1003,141
1004,146
1006,146
1008,162
1010,171
1012,146
1014,162
1016,146
1018,141
1020,146
1022,160
1025,146
1027,171
1029,162
1031,146
1033,146
1035,171
1037,146
1039,150
1041,146
1043,146
1045,171
1046,146
1049,162
1051,146
1053,146
1055,146
1057,146
1059,162
1061,146
1063,146
1065,146
1067,171
1068,169
1070,146
1073,171
1075,146
1077,141
1079,162
1081,146
1083,146
1085,162
1087,146
1089,146
1091,146
1093,131
1094,146
1096,146
1098,162
1100,162
1103,146
1105,146
1107,146
1111,146
1113,146
1115,146
1117,162
1119,162
1121,146
1125,162
1127,169
1129,146
1131,162
1133,171
1135,146
1137,146
1139,146
1141,146
1143,162
1145,146
1147,150
1149,171
1151,146
1153,169
1155,146
1157,162
1160,146
1162,162
1164,146
1166,146
1168,162
1170,146
1172,171
1174,162
1175,162
1178,171
1180,162
1182,146
1183,171
1185,146
1187,146
1189,169
1191,162
1193,150
1195,146
1199,141
1201,146
1203,146
1205,146
1207,146
1209,162
1211,162
1213,160
1215,146
1217,171
1219,146
1221,171
1223,171
1225,146
1227,171
1229,146
1231,131
1232,146
1234,150
1236,146
1238,162
1239,171
1241,131
1243,146
1245,146
1247,150
1249,146
1251,146
1255,146
1257,146
1258,146
1260,171
1262,146
1264,171
1266,162
1268,150
1270,146
1274,146
1276,146
1278,146
1280,171
1282,171
1284,162
1286,150
1288,162
1290,150
1292,150
1294,169
1296,162
1297,171
1299,146
1301,146
1303,160
1305,146
1307,146
1310,146
1311,171
1314,171
1316,146
1317,146
1320,160
1322,146
1324,162
1326,146
1328,131
1329,150
1331,146
1333,146
1335,150
1337,162
1339,146
1341,146
1344,146
1348,162
1350,171
1352,131
906,204
908,204
910,188
912,204
915,204
917,188
919,188
921,204
923,204
925,204
927,188
22348,56
931,204
932,204
934,204
936,188
938,188
940,188
942,204
944,188
946,196
948,196
950,188
952,188
954,196
956,204
958,204
961,196
963,204
965,204
967,188
969,196
971,101
972,103
975,101
976,111
978,103
980,103
983,111
985,111
987,103
988,111
991,146
993,146
995,146
997,146
999,146
1001,131
1002,141
1005,146
1007,146
1011,171
1013,146
1015,162
1017,146
1019,141
1021,146
1023,160
1024,146
1026,171
1028,162
1030,146
1032,146
1034,171
1036,146
1038,150
1040,146
1042,146
1044,171
1047,146
1048,162
1050,146
1052,146
1054,146
1056,146
1058,162
1060,146
1062,146
1064,146
1066,171
1069,169
1071,146
1072,171
1074,146
1076,141
1078,162
1080,146
1082,146
1084,162
1086,146
1088,146
1090,146
1092,131
1095,146
1097,146
1099,162
1101,162
1102,146
1104,146
1106,146
1108,162
1110,146
1112,146
1114,146
1116,162
1118,162
1120,146
1122,162
1124,162
1126,169
1128,146
1130,162
1132,171
1134,146
1136,146
1138,146
1140,146
1142,162
1144,146
1146,150
1148,171
1150,146
1154,146
1156,162
1158,162
1159,146
1161,162
1163,146
1165,146
1167,162
1169,146
1173,162
1176,162
1177,171
1179,162
1181,146
1184,171
1186,146
1188,146
1190,169
1192,162
1194,150
1198,169
1200,141
1204,146
1208,146
1210,162
1212,162
1214,160
1216,146
1218,171
1220,146
1222,171
1224,171
1228,171
1233,146
1235,150
1237,146
1244,146
1246,146
1248,150
1250,146
1252,146
1254,146
1256,146
1259,146
1261,171
1263,146
1265,171
1267,162
1269,150
1271,146
1273,146
1275,146
1277,146
1279,146
1281,171
1283,171
1285,162
1287,150
1289,162
1291,150
1293,150
1295,169
1298,171
1300,146
1302,146
1304,160
1306,146
1308,146
1309,146
1312,171
1313,171
1315,146
1318,146
1319,160
1321,146
1323,162
1325,146
1327,131
1330,150
1332,146
1334,146
1336,150
1338,162
1340,146
1342,146
1343,146
1345,146
1347,162
1349,171
1351,131
1353,146
1354,146
1355,146
1356,146
1357,160
1358,160
1360,146
1361,146
1363,146
1365,162
1367,141
1369,131
1371,131
1373,146
1375,146
1377,162
1379,169
1381,146
1383,171
1385,162
1387,171
1389,171
1391,146
1393,160
1395,146
1397,160
1399,146
1401,141
1403,146
1405,146
1407,146
1409,146
1411,162
1413,146
1415,146
1417,146
1419,146
1421,146
1423,162
1424,146
1426,146
1428,162
1430,162
1432,146
1434,160
1436,146
1438,160
1440,162
1442,131
1444,146
1446,86
1449,86
1451,86
22349,61
1455,96
1457,86
1461,96
1465,96
22350,60
1469,96
1473,86
22351,56
1481,75
1483,139
1487,86
1489,96
1490,96
1492,77
1494,75
1497,139
1500,86
1502,96
1504,86
1506,86
1510,77
1512,86
1514,86
1518,96
1520,139
1522,75
1526,86
1529,139
1533,139
1535,75
1539,86
1541,75
1543,77
1549,77
1551,139
1553,96
1555,77
1557,139
1559,86
1561,75
1565,75
1567,77
1569,96
1571,139
1573,86
1575,86
1577,86
1581,139
1583,139
1587,77
1589,139
1591,86
1592,77
3115,162
3116,164
3117,165
3118,141
3119,165
3120,141
3121,161
3122,159
3123,132
3124,130
3125,138
3126,152
3127,162
3128,169
3129,130
3130,150
3131,138
3132,132
3133,158
3134,161
3135,162
3136,162
3137,132
3138,150
3139,141
3140,150
3141,158
3142,130
3143,147
3144,152
3145,164
3146,165
3147,147
3148,152
3149,164
3150,147
3151,156
3152,168
3153,132
3154,152
3155,130
3156,138
3157,161
3158,162
3159,152
3160,141
3161,159
3162,152
3163,150
3164,165
3165,150
3166,169
3167,147
3168,165
3169,162
3170,158
3171,152
3172,160
3173,132
3174,146
3175,159
3176,162
3177,152
3178,152
3179,178
3180,178
3181,180
3182,174
3183,208
3184,186
3185,208
3186,174
3187,178
3188,208
3189,208
3190,208
3191,208
3192,208
3193,191
3194,204
3195,208
3196,172
3197,180
3198,191
3199,208
3200,208
3201,191
3202,174
3203,204
3204,174
3205,178
3206,178
3207,208
3208,199
3209,178
3210,208
3211,180
3212,172
3213,208
3214,208
3215,188
3216,191
3217,208
3218,208
3219,172
3220,204
3221,208
1359,146
1362,146
1364,146
1366,162
1368,141
1370,131
1372,131
1374,146
1376,146
1378,162
1380,169
1382,146
1384,171
1386,162
1388,171
1390,171
1392,146
1394,160
1396,146
1398,160
1400,146
1402,141
1404,146
1406,146
1408,146
1410,146
1412,162
1414,146
1416,146
1418,146
1420,146
1422,146
1425,146
1427,146
1429,162
1431,162
1433,146
1435,160
1437,146
1439,160
1441,162
1443,131
1445,146
1447,86
1448,86
1450,86
1452,75
1454,96
1456,86
1458,139
1460,96
1462,139
1464,96
1466,77
1468,96
1472,86
22352,49
1478,86
1480,75
1484,139
1486,86
1488,96
1491,96
1493,77
1495,75
1498,139
1501,86
1503,96
1505,86
1507,86
1509,139
1511,77
1513,86
1515,86
1517,139
1519,96
22353,49
1525,75
1527,86
1530,75
1534,75
1536,86
1540,75
1542,77
1546,75
1548,77
1552,96
1554,77
1558,86
1560,75
1562,75
1564,75
1566,77
1568,96
1572,86
1574,86
1576,86
1578,86
1584,139
1586,77
1590,86
1593,77
1594,86
1595,139
1596,96
1597,86
1598,86
1599,139
1600,96
1601,77
1602,75
1603,86
1604,139
1605,96
1606,75
1607,75
1608,139
1609,86
1610,86
1611,139
1612,86
1613,86
1614,96
1615,139
1616,86
1617,61
1618,61
1619,61
1620,59
1621,61
1622,59
1623,59
1624,59
1625,59
1626,59
1627,59
1628,59
1629,59
1630,59
1631,59
1632,59
1633,59
1634,59
1635,59
1636,59
1637,59
1638,59
1639,59
1640,59
1641,59
1642,59
1643,59
1644,59
1645,59
1646,59
1647,59
1648,59
1649,59
1650,59
1651,59
1652,59
1653,61
1654,61
1655,61
1656,61
1657,61
1658,61
1659,61
1660,61
1661,61
1662,61
1663,61
1664,61
1665,61
1666,10
1667,59
1668,59
1669,59
1670,59
1671,59
1672,61
1673,59
1674,59
1675,162
1676,147
1677,147
1678,147
1679,147
1680,147
1681,147
1682,162
1683,147
1684,162
1685,162
1686,146
1687,146
1688,146
1690,146
3222,208
1692,146
1693,146
1694,146
1695,162
1696,162
1697,146
1698,162
1699,147
1700,147
1701,147
1702,147
1703,146
1704,162
1705,147
1706,122
1707,122
1708,122
1709,122
1710,122
1711,122
1712,122
1713,122
1714,122
1715,122
1716,122
1717,122
1718,122
1719,122
1720,122
1721,122
1722,122
1723,122
1724,188
1725,178
1726,204
1727,172
1728,199
1729,188
1730,178
1731,199
1732,203
1733,188
1734,172
1735,172
1736,172
1737,188
1738,199
1739,178
1740,172
1741,203
1742,199
1743,178
1744,188
1745,203
1746,178
1747,172
1748,178
1749,203
1750,172
1751,203
1752,188
1753,172
1754,178
1755,172
1756,199
1757,204
1758,180
1759,174
1760,172
1761,172
1762,174
1763,203
1764,178
1765,203
1766,180
1767,174
1768,188
1769,203
1770,172
1771,199
1772,199
1773,188
1774,203
1775,199
1776,199
1777,203
1778,199
1779,180
1780,178
1781,203
1782,188
1783,203
1784,199
1785,180
1786,204
1787,203
1788,204
1789,173
1790,204
1791,188
1792,203
1793,203
1794,188
1795,199
1796,203
1797,172
1798,203
1799,172
1800,172
1801,204
1802,203
1803,178
1804,188
1805,203
1806,172
1807,180
1808,173
1809,203
1810,172
1811,178
1812,180
1813,178
1814,172
1815,178
1816,172
1817,172
1818,178
1819,174
1820,180
1821,173
1822,203
1823,188
1824,178
1825,178
1826,172
1827,203
1828,172
1829,178
1830,173
1831,180
1832,203
1833,178
1834,204
1835,203
1836,174
1837,172
1838,188
1839,199
1840,173
1841,203
1842,199
1843,188
1844,203
1845,172
1846,172
1847,174
1848,188
1849,203
1850,178
1851,172
1852,172
1853,178
1854,178
1855,203
1856,174
1857,203
1858,203
1859,203
1860,173
1861,188
1862,172
1863,188
1864,172
1865,188
1866,174
1867,172
1868,188
1869,178
1870,178
1871,204
1872,178
1873,174
1874,204
1875,172
1876,204
1877,188
1878,172
1879,188
1880,199
1881,203
1882,174
1883,203
1884,203
1885,203
1886,174
1887,199
1888,203
1889,174
1890,199
1891,172
1892,203
1893,172
1894,203
1895,199
1896,178
1897,203
1898,180
1899,204
1900,203
1901,172
1902,180
1903,188
1904,172
1905,203
1906,172
1907,199
1908,203
1909,180
1910,172
1911,172
1912,188
1913,180
1914,204
1915,173
1916,188
1917,172
1918,180
1919,188
1920,199
1921,204
1922,180
1923,188
1924,199
1925,124
1926,124
1927,124
1928,124
1929,124
1930,124
1931,124
1932,124
1933,124
1934,112
1935,107
1936,107
1937,124
1938,124
1939,124
1940,124
1941,124
1942,107
1943,124
1944,116
1945,124
1946,124
1947,124
1948,124
1949,107
1950,112
1951,124
1952,124
1953,124
1954,124
1955,124
1956,117
1957,124
1958,117
1959,117
1960,124
1961,124
1962,124
1963,112
1964,124
1965,124
1966,124
1967,124
1968,115
1969,124
1970,117
1971,124
1972,124
1973,112
1974,124
1975,124
1976,115
1977,101
1978,117
1979,112
1980,117
1981,107
1982,117
1983,104
1984,117
1985,124
1986,107
1987,104
1988,107
1989,124
1990,124
1991,124
1992,124
1993,124
1994,117
1995,124
1996,124
1997,124
1998,124
1999,124
2000,124
2001,124
2002,107
2003,124
2004,124
2005,124
2006,104
2007,124
2008,107
2009,124
2010,102
2011,124
2012,117
2013,124
2014,116
2015,107
2016,115
2017,115
2018,124
2019,104
2020,104
2021,124
2022,124
2023,104
2024,117
2025,112
2026,102
2027,124
2028,124
2029,104
2030,117
2031,104
2032,107
2033,124
2034,124
2035,115
2036,112
2037,117
2038,107
2039,117
2040,104
2041,112
2042,124
2043,112
2044,124
2045,124
2046,124
2047,124
2048,117
2049,124
2050,124
2051,104
2052,115
2053,104
2054,124
2055,116
2056,116
2057,116
2058,116
2059,116
2060,116
2061,59
2062,59
2063,59
2064,59
2065,59
2066,59
2067,59
2068,75
2069,75
2070,75
2071,75
2072,174
2073,174
2074,204
2075,176
2076,188
2077,176
2078,199
2079,191
2080,176
2081,188
2082,174
2083,174
2084,174
2085,203
2086,180
2087,188
2088,201
2089,174
2091,188
2092,201
2093,180
2094,203
2095,203
2096,203
2097,191
2098,180
2099,174
2100,174
2101,204
2102,203
2103,201
2104,203
2105,180
2106,204
2107,205
2108,203
2109,203
2110,180
2111,174
2112,188
2113,203
2114,176
2115,205
2116,174
2117,176
2118,176
2119,203
2120,204
2121,188
2122,188
2123,203
2124,203
2125,201
2126,203
2127,188
2128,174
2129,188
2130,180
2131,174
2132,188
2133,204
2134,203
2135,205
2136,201
2137,203
2138,203
2139,199
2140,188
2141,203
2142,204
2143,201
2144,205
2145,205
2146,176
2147,191
2148,205
2149,201
2150,201
2151,199
2152,176
2153,204
2154,204
2155,201
2156,176
2157,174
2158,174
2159,191
2160,159
2161,141
2162,145
2163,159
2164,159
2165,165
2166,141
2167,165
2168,159
2169,159
2170,165
2171,159
2172,159
2173,159
2174,165
2175,141
2176,159
2177,159
2178,141
2179,165
2180,165
2181,141
2182,159
2183,141
2184,159
2185,159
2186,159
2187,56
2188,56
2189,56
2190,56
2191,56
2192,56
2193,56
2194,56
2195,56
2196,56
2197,56
2198,56
2199,56
2200,56
2201,56
2202,56
2203,44
2204,44
2205,58
2206,44
2207,44
2208,44
2209,44
2210,58
2211,58
2212,44
2213,44
2214,44
2215,44
2216,44
2217,44
2218,44
2219,58
2220,44
2221,44
2222,44
2223,44
2224,44
2225,44
2226,44
2227,44
2228,44
2229,108
2230,108
2231,108
2232,108
2233,108
2234,108
2235,108
2236,108
2237,108
2238,61
2239,61
2240,61
2241,61
2242,61
2243,61
2244,61
2245,61
2246,49
2247,61
2248,61
2249,61
2250,61
2251,61
2252,61
2253,49
2254,61
2255,61
2256,61
2257,49
2258,49
2259,61
2260,49
2261,61
2262,61
2263,49
2264,61
2265,61
2266,61
2267,61
2268,49
2269,61
2270,49
2271,61
2272,61
2273,61
2274,61
2275,61
2276,61
2277,61
2278,49
2279,61
2280,61
2281,61
2282,61
2283,49
2284,61
2285,61
2286,61
2287,61
2288,61
22354,58
2290,10
2291,19
2292,10
2294,19
2295,19
2296,19
2297,19
2298,19
2299,19
2300,10
2301,19
2302,10
2303,19
3223,208
2305,19
2306,19
2307,19
2308,19
2309,19
2310,10
2311,10
2312,10
3224,196
2314,10
2315,10
2316,19
2317,147
2318,147
2319,161
2320,147
2321,161
2322,161
2323,147
2324,150
2325,147
2326,156
2327,150
2328,156
2329,150
2330,150
2331,171
2332,147
2333,161
2334,156
2335,161
2336,147
2337,171
2338,196
2339,156
2340,156
2341,156
2342,150
2343,161
2344,161
2345,150
2346,147
2347,196
2348,196
2349,161
2350,156
2351,161
2352,150
2353,150
2354,171
2355,147
2356,196
2357,147
2358,156
2359,196
2360,161
2361,150
2362,161
2363,156
2364,147
2365,171
2366,150
2367,161
2368,156
2369,161
2370,150
2371,196
2372,171
2373,196
2374,171
2375,196
2376,196
2377,156
2378,147
2379,171
2380,138
2381,137
2382,138
2383,130
2384,137
2385,130
2386,138
2387,130
2388,158
2389,158
2390,158
2391,158
2392,168
2393,158
2394,130
2395,168
2396,138
2397,158
2398,137
2399,169
2400,158
2401,158
2402,158
2403,158
2404,158
2405,137
2406,158
2407,158
2408,158
2409,130
2410,158
2411,138
2412,158
2413,138
2414,130
2415,152
2416,158
2417,137
2418,152
2419,130
2420,169
2421,158
2422,158
2423,152
2424,138
2425,138
2426,169
2427,152
2428,158
2429,138
2430,158
2431,152
2432,138
2433,137
2434,137
2435,152
2436,152
2437,158
2438,158
2439,158
2440,158
2441,158
2442,169
2443,158
2444,137
2445,160
2446,166
2447,130
2448,152
2449,158
2450,130
2451,158
2452,158
2453,130
2454,158
2455,130
2456,158
2457,169
2458,130
2459,130
2460,160
2461,130
2462,137
2463,158
2464,130
2465,152
2466,158
2467,158
2468,130
2469,158
2470,158
2471,138
2472,169
2473,158
2474,158
2475,137
2476,130
2477,166
2478,130
2479,169
2480,137
2481,158
2482,152
2483,137
2484,130
2485,130
2486,137
2487,158
2488,138
2489,152
2490,152
2491,158
2492,96
2493,96
2494,96
2495,77
2496,77
2497,77
2498,77
2499,167
2500,167
2502,94
2503,94
22355,61
2505,86
2506,90
2507,94
2508,94
2510,75
2511,167
2512,167
2515,69
2516,75
2518,94
2519,75
2521,94
2523,86
2524,69
2525,63
2526,86
2527,69
2528,90
2529,86
2530,94
2531,69
2533,94
2534,167
2535,69
2536,69
2540,167
2541,86
2544,86
2547,75
2548,90
2549,79
2550,75
2551,69
2552,86
2555,86
2556,69
2557,75
2561,75
2562,86
2563,75
2564,86
2565,69
2566,90
2569,86
2570,167
2571,94
2572,167
2573,94
2574,86
2576,167
2577,75
2578,75
2579,75
2580,69
2581,86
2582,75
2584,167
2586,86
2587,63
2588,75
2589,86
2590,69
2591,90
2593,90
2594,90
2595,86
2597,90
2598,63
2599,75
2600,75
2601,86
2602,94
2603,94
2605,90
2606,79
2607,167
2509,88
2537,88
2517,88
2520,88
2553,88
2538,88
2568,88
2596,88
2560,88
2585,88
2532,88
2546,79
2543,79
2558,79
2542,79
2559,79
2513,79
2522,79
2539,167
2608,167
2609,75
2611,167
2612,79
2613,63
2614,63
2615,63
2616,69
2618,90
2619,86
2620,86
2621,69
2622,94
2623,86
2624,86
2625,79
2626,167
2627,84
2629,84
2630,84
2631,85
2632,85
2633,84
2634,85
2635,84
2636,84
2637,85
2638,85
2639,85
2640,84
2641,85
2642,85
2643,85
2644,85
2645,84
2646,84
2647,84
2648,85
2649,85
2650,84
2651,85
2652,85
2653,85
2654,84
2655,84
2656,84
2657,85
2658,85
2659,85
2660,84
2661,84
2662,85
2663,84
2664,84
2665,84
2666,85
2667,85
2668,85
2669,85
2670,85
2671,84
2672,85
2673,85
2674,85
2675,85
2676,146
2677,146
2678,146
2679,162
2680,162
2681,162
2682,146
2683,162
2684,162
2685,146
2686,146
2687,162
2688,146
2689,131
2690,162
2691,146
2692,162
2693,131
2694,162
2695,146
2696,146
2697,162
2698,130
2699,132
2700,159
2702,139
2703,139
2704,139
2705,132
2706,159
2707,164
2708,130
2709,164
2710,159
2711,139
2712,159
2713,132
2714,142
2715,130
2716,139
2718,130
2719,139
2720,139
2721,139
2722,130
2723,164
2724,139
2725,132
2726,139
2727,164
2728,132
2729,159
2730,164
2731,139
2732,132
2733,142
2734,132
2735,164
2736,142
2737,132
2738,160
2739,130
2740,139
2741,160
2742,164
2743,164
2744,160
2745,160
2746,159
2747,139
2748,160
2749,164
2750,159
2751,139
2752,132
2753,164
2754,132
2755,132
2756,139
2758,139
2759,159
2760,132
2761,139
2762,159
2763,139
2765,139
2768,139
2769,139
2770,160
2771,139
2772,59
2773,59
2774,61
2775,59
2776,61
2777,61
2778,61
2779,61
2780,61
2781,61
2782,59
2783,59
2784,61
2785,61
2786,61
2787,59
2788,59
2789,121
2790,121
2791,121
2792,121
2793,121
2794,121
2795,121
2796,122
2797,121
2798,121
2799,121
2800,121
2801,121
2802,121
2803,122
2804,121
2805,121
2806,121
2807,121
2808,121
2809,171
2810,171
2811,171
2812,171
2813,171
2814,171
2815,171
2816,171
2817,171
2818,171
2819,171
2820,150
2821,150
2822,150
2823,150
2824,124
2825,124
2826,124
2827,112
2828,124
2829,124
2830,107
2831,119
2832,104
2833,112
2610,88
2834,124
2835,112
2836,107
2837,124
2838,124
2839,124
2840,112
2841,107
2842,124
2843,107
2844,107
2845,112
2846,124
2847,124
2848,119
2849,112
2850,124
2851,112
2852,124
2853,124
2854,107
2855,124
2857,107
2858,124
2859,124
2860,124
2861,124
2862,112
2863,124
2864,119
2865,112
2866,112
2867,124
2868,119
2869,124
2870,112
2871,124
2872,112
2873,112
2874,124
2875,104
2876,107
2877,112
2878,119
2879,112
2880,119
2881,112
2882,119
2883,124
2884,119
2885,112
2886,112
2887,119
2888,124
2889,119
2890,115
2891,158
2892,158
2893,158
2894,158
2895,158
2896,158
2897,158
2898,158
2899,158
2900,158
2901,158
2902,158
2903,158
2904,158
2905,60
2906,60
2907,202
2908,202
2909,202
2910,202
2911,202
2912,202
2913,202
2914,202
2915,202
2916,202
2917,202
2918,202
2919,202
2920,11
2921,4
2922,4
2923,11
2924,11
2925,4
2926,11
2927,4
2928,4
2929,4
2930,4
2931,11
2932,4
2933,11
2934,4
2935,4
2936,4
2937,4
2938,4
2939,4
2940,4
2941,11
2942,4
2943,4
2944,4
2945,4
2946,4
2947,11
2948,11
2949,11
2950,11
2951,4
2952,4
2953,11
2954,4
2955,11
2956,4
2957,4
2959,4
2960,11
2961,11
2962,11
2963,4
2964,11
2965,4
2966,11
2967,11
2968,4
2969,11
2970,4
2971,4
2972,11
2973,11
2974,4
2975,11
2976,4
2977,4
2978,4
2979,4
2980,11
2981,4
2982,11
2983,4
2984,4
2985,4
2986,4
2987,11
2988,4
2989,11
2990,4
2991,4
2992,58
2993,49
2994,49
2995,49
2996,167
2997,167
2998,69
2999,142
3000,167
3001,86
3002,164
3003,69
3004,160
3005,86
3006,69
3007,167
3008,167
3009,167
3010,167
3011,167
3012,86
3013,142
3014,167
3015,167
3016,86
3017,69
3018,167
3019,138
3020,160
3021,69
3022,167
3023,167
3024,138
3025,138
3026,160
3027,188
3028,172
3029,209
3030,196
3031,209
3032,178
3033,178
3034,209
3035,203
3036,203
3037,188
3038,180
3039,209
3040,178
3041,188
3042,209
3043,188
3044,209
3045,209
3046,209
3047,188
3048,172
3049,203
3050,209
3051,209
3052,178
3053,203
3054,178
3055,209
3056,203
3057,203
3058,203
3059,209
3060,209
3061,178
3062,188
3063,209
3064,203
3065,188
3066,196
3067,209
3068,209
3069,188
3070,196
3071,178
3072,209
3073,203
3074,199
3075,209
3076,203
3077,172
3078,172
3079,203
3080,172
3081,178
3082,178
3083,203
3084,196
3085,188
3089,79
3090,79
3091,79
3094,94
3095,79
3096,79
3097,147
3098,164
3099,162
3100,138
3101,156
3102,147
3103,152
3104,169
3105,159
3106,159
3108,165
3109,138
3110,138
3111,138
3112,156
3113,165
3114,159
3225,208
3226,208
3227,205
3228,208
3229,191
3230,174
3231,203
3232,191
3233,4
3234,16
3235,16
3236,16
3237,15
3238,15
3239,15
3240,15
3241,15
3242,17
3243,11
3244,20
3245,16
3246,16
3247,17
3248,20
3249,20
3250,15
3251,16
3252,11
3253,20
3254,20
3255,16
3256,11
3257,16
3258,15
3259,20
3260,16
3261,16
3262,16
3263,17
3264,17
3265,11
3266,17
3267,17
3268,15
3269,17
3270,17
3271,17
3272,15
3273,15
3274,17
3275,16
3276,15
3277,15
3278,16
3279,15
3280,16
3281,4
3282,15
3283,16
3284,16
3285,15
3286,15
3287,11
3288,16
3289,4
3290,16
3291,16
3292,16
3293,16
3294,11
3295,16
3296,17
3297,16
3298,15
3299,16
3300,16
3301,16
3302,17
3303,15
3304,4
3305,16
3306,15
3307,20
3308,15
3309,20
3310,15
3311,15
3312,20
3313,124
3314,111
3315,107
3316,111
3317,124
3318,124
3319,128
3320,128
3321,128
3322,108
3323,128
3324,103
3325,116
3326,122
3327,117
3328,128
3329,119
3330,128
3331,122
3332,119
3333,112
3334,112
3335,1
3336,112
3337,116
3338,128
3339,117
3340,128
3341,128
3342,117
3343,122
3344,119
3345,103
3346,117
3347,128
3348,117
3350,111
3351,117
3352,117
3353,117
3354,117
3355,117
3356,128
3357,128
3358,124
3359,60
3360,60
3361,45
3362,49
3363,61
3364,56
3365,56
3366,56
3367,60
3368,56
3369,60
3370,56
3371,60
3372,45
3373,37
3374,45
3375,60
3376,60
3377,45
3378,49
3379,60
3380,43
3381,45
3382,56
3383,59
3384,56
3385,45
3386,60
3387,56
3388,37
3389,58
3390,37
3391,49
3393,60
3394,56
3395,56
3087,88
3092,88
3349,1
3093,79
3396,61
3397,56
3398,60
3399,44
3400,43
3401,61
3402,37
3403,49
3404,44
3405,60
3406,37
3407,60
3408,43
3409,37
3410,37
3411,45
3412,56
3413,45
3414,59
3415,56
3416,43
3417,56
3418,43
3419,45
3420,45
3421,44
3422,56
3423,68
3424,94
3426,77
3427,85
3429,63
3430,94
3431,96
3432,85
3433,96
3434,75
3435,85
3437,96
3438,68
3439,94
3440,85
3441,85
3442,85
3443,90
3444,94
3445,85
3446,84
3447,75
3448,84
3449,79
3450,94
3451,75
3452,90
3453,85
3454,85
3455,94
3456,84
3457,75
3458,90
3459,60
3460,60
3461,60
3462,60
3463,60
3464,60
3465,60
3466,60
3467,37
3468,37
3469,37
3470,37
3471,37
3472,37
3473,37
3474,37
3475,37
3476,37
3477,60
3478,84
3479,84
3480,84
3481,84
3482,84
3483,84
3484,84
3485,84
3486,84
3487,40
3488,40
3489,40
3490,40
3491,40
3492,40
3493,40
3494,40
3495,40
3496,40
3497,40
3498,40
3499,61
3500,162
3501,11
3502,40
3522,1
3537,199
3543,188
3547,188
3559,205
3586,166
3595,166
3596,166
3613,79
3425,88
3699,146
3714,107
3742,108
3755,112
3782,49
3787,162
3789,162
3790,162
3823,124
3828,124
3832,124
3835,124
3862,124
3864,112
3865,118
3866,118
3869,118
3875,124
3883,118
3884,118
3887,118
3889,59
3901,59
3914,59
3960,121
3963,121
3964,121
3968,117
3980,108
3984,108
4006,117
22356,56
4025,61
4044,61
4053,11
4057,11
4065,15
4081,59
4084,59
4092,117
4093,117
4115,164
4116,164
4117,164
4123,164
4136,44
4138,44
4144,116
4153,111
4154,111
4185,17
4191,17
4194,17
4205,17
4221,188
4223,164
4230,130
4231,130
4233,138
4237,169
4238,69
4241,169
4249,130
4251,158
4252,158
4314,171
4315,171
4316,171
4320,131
22357,61
4332,158
4336,158
4340,69
4347,139
4354,139
4361,159
4368,159
4369,159
4394,146
4397,162
4431,164
4433,164
4443,169
4449,169
4468,58
4476,206
4482,204
4520,59
4530,121
4535,116
4542,66
4545,75
4549,86
4550,86
4555,75
4560,86
4563,63
4573,75
4575,75
4580,79
4599,1
4627,61
4631,4
4637,4
4638,4
4640,17
4648,174
4655,96
4656,96
4660,137
4665,158
4669,159
4673,130
4681,139
4689,130
4692,158
4699,137
4700,137
4702,137
4704,138
4705,139
4719,152
4722,160
4723,160
4726,166
4728,166
4732,169
4733,169
4735,169
4590,88
4585,79
22358,61
4763,60
4766,111
4774,120
4778,117
4785,36
4786,36
4787,36
4790,56
4791,61
4793,62
4794,61
4799,60
4821,36
4841,107
22359,49
4865,43
4877,36
4878,36
4879,36
4881,36
4883,36
4884,36
4889,36
4900,60
4901,60
4910,116
4917,116
4918,116
4931,62
4957,174
4959,172
4971,203
4977,196
4997,174
4999,175
5001,175
5003,175
5005,175
5006,175
5007,175
5013,188
5025,196
5033,203
5034,203
5038,204
5050,79
5061,208
5065,203
5074,180
5130,206
5132,208
5135,208
5137,15
5138,15
5144,19
5147,19
5158,19
5161,19
5171,19
5173,4
5175,4
5202,167
5203,167
5215,90
5220,167
5236,167
5264,69
5271,146
5277,167
5295,60
5297,84
5298,139
5306,130
5309,139
5312,139
5313,139
5314,142
5340,37
5344,158
5358,94
5360,77
5368,188
5374,175
5408,137
5409,132
5421,96
5426,85
5439,85
5441,85
5449,85
5450,212
5456,84
5464,85
5474,85
5488,199
5489,199
5490,199
5500,124
5512,203
5520,124
5521,164
5524,120
5568,63
5569,95
5571,75
5577,124
5582,95
5583,196
5585,95
22360,60
5616,10
5619,10
5645,112
5648,121
5662,112
5670,43
5679,157
5682,159
5683,159
5685,138
5691,138
5708,159
5709,159
5716,138
5732,174
5735,188
5736,191
5766,159
5787,4
5793,10
5794,10
22361,161
22362,141
5818,69
556,88
548,88
2514,88
3428,88
3088,88
2501,88
4151,88
487,88
507,88
2583,88
521,88
4589,88
2554,88
505,88
2604,88
513,88
72,1
22363,161
22364,159
5900,99
22365,147
5924,88
3086,88
5932,75
22366,162
22367,152
22368,159
22369,162
6227,85
6276,167
6285,167
76,1
21,1
5230,167
555,88
6342,108
6344,15
6388,204
6425,139
6431,172
6440,11
6458,139
22370,141
6408,40
2575,79
515,79
506,79
22371,164
22372,164
6558,88
22373,138
22374,137
6820,56
6823,1
6824,139
6841,146
6845,130
6849,130
6867,188
6870,172
6885,112
245,1
67,1
65,1
2,1
6903,96
2545,79
508,79
6974,15
22375,162
7022,40
7110,204
7115,49
7162,96
7259,56
7311,124
7289,88
7625,204
7635,187
7641,169
7642,169
7643,169
7644,169
7652,85
7687,58
7689,120
7690,120
7691,120
7692,120
7693,139
7694,139
7695,139
7696,139
7697,139
7698,139
7699,139
7700,139
7701,139
7702,139
7703,139
7704,139
7705,139
7706,139
7707,139
7709,139
7710,139
7711,139
7712,139
7713,139
7714,139
7715,40
7716,40
7717,4
7718,4
7719,4
7720,4
7721,75
7722,75
7723,66
7724,75
7725,75
7726,75
7727,77
7728,77
7729,77
7730,75
7731,77
7732,77
7733,77
7734,77
7735,75
7736,77
7737,75
7738,75
7739,75
7740,77
7741,77
7742,77
7743,77
7744,77
7745,77
7746,66
7747,66
7748,66
7749,75
7750,66
7751,75
7752,66
7753,75
7754,77
7755,77
7756,77
7757,77
7758,77
22376,158
7957,69
7958,69
7959,69
7961,69
7962,69
7963,69
7964,69
7965,60
7966,60
7967,60
7968,60
7969,60
7970,60
7971,60
7972,60
7973,60
7974,60
7975,116
7976,116
7977,116
7978,116
7979,116
7980,116
7981,116
7982,116
7983,116
7984,116
7985,116
7986,116
7987,116
7988,116
7989,116
7990,116
7991,116
7992,116
7993,116
7994,116
7948,79
7944,79
7947,79
7950,79
7945,79
7949,79
7952,79
7953,79
7954,79
7956,79
7995,95
7996,95
7997,95
7998,96
7999,96
8000,96
8001,96
8002,96
8003,96
8004,101
8005,111
8006,120
8007,111
8008,120
8009,111
8010,111
8011,111
8012,121
8013,111
8014,101
8015,121
8016,121
8017,121
8018,111
8019,120
8020,121
8021,121
8022,101
8023,101
8024,111
8025,121
8026,121
8027,121
8028,111
8029,121
8030,101
8031,111
8032,111
8033,111
8034,101
8035,111
8036,120
8037,117
8039,117
8040,117
8041,56
8042,56
8044,117
8045,56
8046,117
8047,56
8048,108
8049,117
8050,108
8051,56
8052,108
8053,117
8054,56
8055,117
8056,56
8057,117
8058,117
8059,56
8060,117
8061,117
8062,117
8064,117
8065,56
8067,117
8068,117
8069,56
8070,117
8071,117
22377,152
8073,117
8074,56
8075,56
8077,108
8078,117
8079,117
8080,117
8081,117
8082,56
8084,108
8085,108
8086,50
8087,117
8088,117
8090,117
8091,56
8093,103
8094,50
8095,56
8096,117
8097,108
8098,56
8099,56
8101,117
8104,117
8105,117
8108,167
8109,165
8110,165
8111,108
8112,117
8113,117
8114,108
8115,108
8116,117
8117,117
8118,117
8119,117
8120,56
8121,62
8122,117
8123,56
8124,117
8125,117
8126,117
8127,62
8128,108
8129,62
8130,62
8131,103
8132,117
8133,62
8134,108
8135,56
8136,117
8138,62
8139,62
8140,62
8141,62
8142,62
8143,62
8144,62
8145,62
8146,61
8147,61
7946,79
3859,79
7951,79
7955,79
8183,61
22378,147
22379,164
22381,167
22382,162
8043,62
10999,167
8063,62
1578,77
22383,161
11289,85
11290,85
11291,85
11292,85
11293,85
11294,85
11295,85
11296,85
11297,85
11298,85
22384,159
11300,112
11301,112
11302,124
11303,118
11304,124
11305,112
11306,124
11307,124
11308,124
11309,118
11310,124
11311,112
11312,118
11313,124
11314,124
11315,112
11316,112
11317,124
11318,112
11319,112
11320,112
11321,112
11322,112
11323,118
11324,124
11325,118
11326,112
11327,124
11328,112
11329,124
11330,118
11331,112
11332,112
22385,146
11334,112
11335,112
11336,112
11337,112
11338,124
11339,118
11340,112
11341,112
11342,112
11343,112
11344,124
11345,124
11346,112
11347,112
11348,118
11349,112
11350,112
11351,124
11352,112
11353,58
11354,58
11355,162
11356,162
11357,162
11358,162
11359,169
11360,162
11361,162
11362,169
11363,162
11364,162
11365,162
11366,59
11367,59
11368,59
11369,59
11370,59
11371,59
11372,59
11373,59
11374,59
11376,59
11377,59
22386,147
11379,146
11380,146
11381,146
11382,171
11383,146
11384,146
11385,146
11386,146
11387,146
11388,146
11389,171
11390,146
11391,146
11392,146
11393,171
11394,146
11395,171
11396,146
11397,131
11398,131
11399,171
11400,146
11401,171
11402,146
11403,153
11404,146
11405,146
11406,160
11407,153
11408,160
11409,146
11410,146
11411,146
11412,146
11413,171
11414,160
11415,146
11416,153
11417,146
11418,146
11419,146
11420,171
11421,160
11422,160
11423,153
11424,146
11425,146
11426,146
11427,146
11428,146
11429,146
11430,146
11431,146
11432,146
11433,171
11434,146
11435,171
11436,146
11437,146
11438,146
11439,171
11440,146
11441,146
11442,146
11443,171
11444,146
11445,146
11446,146
11447,171
11448,146
11449,153
11450,146
11451,146
11452,171
11453,146
11454,146
11455,90
22387,162
11458,86
11460,94
11462,94
11466,100
11467,86
11468,100
11470,86
11471,86
11472,139
11475,100
11476,139
11477,86
11479,100
11480,86
11481,75
11482,68
11486,100
11488,86
11489,75
11492,86
11494,139
11496,90
11497,139
11498,100
11499,68
11500,100
11501,86
11502,100
11505,75
11506,94
11507,90
11508,94
11459,88
11473,88
11478,88
11490,88
11485,88
11464,88
11461,88
11457,88
11469,88
11474,88
11484,88
11491,88
11493,88
11503,88
11504,88
11509,88
11510,90
11511,86
11512,86
22388,159
11514,100
11515,94
11516,86
11517,139
11518,86
11520,139
11522,75
11524,86
11525,86
22389,147
11528,94
11519,88
11521,88
11523,88
11526,88
22390,169
22391,162
22392,165
22393,162
22394,160
22395,147
22396,161
22397,141
22398,147
17373,205
17375,204
22399,159
22400,132
16112,159
16113,130
16114,158
16115,159
16116,138
16117,159
16118,159
16119,159
16120,159
16121,138
16122,138
16123,158
16124,158
16125,159
16126,138
16127,138
16128,138
16129,130
16130,138
16131,159
16132,158
16133,159
16134,138
16135,158
16136,138
16137,137
16138,159
16139,152
16140,159
16141,158
16142,152
16143,137
16144,130
16145,137
16146,159
16147,159
16148,152
16149,130
16150,159
16151,130
16152,159
16153,159
16154,138
16155,138
16156,158
16157,159
16158,138
16159,159
16160,158
16161,159
16162,159
16163,137
16164,158
16165,158
16166,137
16167,158
16168,158
16169,137
16170,159
16171,152
16172,159
16173,158
16174,159
16175,130
16176,152
16177,152
17555,196
17557,173
17562,199
22401,156
17740,59
17931,132
17932,132
17937,139
18037,112
18040,124
18085,112
17703,156
17734,124
17940,169
18052,161
18189,122
18201,49
18264,208
18271,172
18288,17
18297,17
22402,137
22403,141
22404,141
22405,161
22406,147
22407,147
22408,152
22409,141
22410,137
22411,138
22412,138
22413,130
22588,10
22589,10
22590,10
22591,10
22592,10
22593,10
22594,10
22595,10
22596,10
22597,10
22598,10
22599,10
22600,10
18115,205
18130,122
18131,111
11463,88
11456,88
2289,61
21,88
22565,209
22566,209
22568,191
22574,209
22575,222
22579,209
22580,203
22582,191
22583,187
22584,209
22585,187
18555,188
18557,204
18558,204
18559,204
18560,188
18561,204
18562,204
18563,204
18564,204
18565,204
18566,220
18567,188
18568,176
18569,196
18570,220
18571,220
18572,176
18573,220
18574,188
18575,188
18576,188
18577,204
18578,220
18579,220
18580,204
18581,204
18582,204
18583,220
18584,204
18585,220
18586,204
18587,220
18588,176
18589,196
18590,220
18591,204
18592,204
18593,220
18595,188
18596,204
18598,176
18599,188
18600,172
18601,196
18602,204
18603,204
18604,220
18605,204
18606,204
18607,172
18608,204
18609,204
18610,204
18611,220
18612,204
18613,220
18614,176
18710,164
18712,139
18724,167
586,167
18725,1
18726,1
18728,1
18730,1
18731,1
18732,1
18733,1
18734,1
18735,1
18736,1
18737,1
18738,103
18739,101
18740,101
18741,101
18742,75
18743,96
18744,96
18745,86
18746,96
18747,96
18748,96
18749,75
18750,75
18751,96
18752,96
18753,86
18754,96
18755,86
18756,75
18757,86
18758,96
18760,96
18761,86
18762,96
18763,86
18764,86
18765,77
18766,96
18767,96
18768,86
18769,32
18770,32
18771,32
18772,32
18727,1
18773,60
18774,32
18775,32
18776,32
18778,32
18779,32
18780,4
18781,4
18782,111
18783,116
18784,116
18785,120
18786,116
18787,120
18788,120
18789,116
18790,111
18791,111
18792,120
18793,120
18794,120
18795,111
18796,116
18797,111
18798,111
18799,120
11465,88
6062,88
11483,88
11495,88
18322,88
2617,88
11527,88
18800,37
18801,37
18802,37
18803,37
18804,37
18805,37
18806,37
18807,37
18808,37
18809,37
18810,37
18811,37
18812,174
18813,180
18814,180
18815,180
18816,178
18817,203
18818,172
18819,178
18820,174
18821,172
18822,174
18823,178
18824,172
18825,188
18826,203
18827,172
18828,172
18829,172
18830,172
18831,203
18832,188
18833,172
18834,173
18835,203
18836,203
18837,178
18838,180
18839,203
18840,178
18841,203
18842,203
18843,173
18844,203
18845,173
18846,201
18847,188
18848,178
18849,172
18850,203
18851,203
18852,191
18853,178
18854,188
18855,188
18856,191
18857,173
18858,199
18859,204
18860,174
18861,201
18862,199
18863,203
18864,180
18865,178
18866,178
18867,178
18868,178
18869,203
18870,174
18871,203
18872,199
18873,172
18874,203
18875,203
18876,174
18877,203
18878,188
18879,188
18880,180
18881,199
18882,188
18883,172
18884,180
18885,172
18886,178
18887,203
18888,172
18889,172
18890,201
18891,201
18892,199
18893,199
18894,174
18895,203
18896,172
18897,191
18898,199
18899,172
18900,173
18901,188
18902,173
18903,199
18904,174
18905,173
18906,191
18907,191
18908,201
18909,204
18910,174
18911,122
18912,122
18913,122
18914,122
18915,122
18916,60
18917,60
18918,60
18919,60
18920,60
18921,167
18922,167
18923,164
18924,164
18925,167
18926,86
18927,164
18928,164
18929,167
18930,142
18931,167
18932,164
18933,130
18934,79
18935,164
18936,164
18937,164
18938,164
18939,167
18940,142
18941,132
18942,79
18943,130
18944,142
18945,142
18946,137
18777,32
18948,167
18949,159
18950,164
18951,164
18953,69
18954,167
18955,79
18956,137
18957,164
18958,132
18959,130
18960,130
18961,164
18962,164
18963,164
18964,164
18965,132
18966,164
18967,164
18968,132
18969,132
18970,164
18971,167
18972,164
18973,79
22567,175
18975,79
18976,164
18977,167
18978,137
18979,164
18980,132
18981,137
18982,142
22569,209
18984,167
18985,164
22570,203
18986,167
18987,159
18988,142
18989,164
18990,132
18991,159
18992,164
18993,164
18994,132
18995,132
18996,164
18997,164
18998,164
22515,11
19000,159
19001,164
19002,167
19003,164
19004,132
19005,167
19006,167
19007,164
19008,167
19009,167
19010,139
19011,167
19012,167
19013,167
19014,130
19015,139
19016,130
19017,164
19018,142
18974,88
19019,96
671,62
22516,11
22517,11
19360,59
19361,59
19362,59
19363,59
19364,60
19365,60
19366,86
19367,167
19368,166
19369,168
19370,167
19371,86
19372,164
19373,164
19374,142
19375,167
19376,167
19377,142
19378,166
19379,142
19380,167
19381,167
19382,167
19383,167
19384,167
19385,167
19386,167
19387,167
19388,63
19389,142
19390,166
19391,166
19392,166
19393,166
19394,167
19395,86
19396,167
19397,86
19398,166
19399,142
19400,166
19401,166
19402,124
19403,124
19404,1
19405,112
19406,112
19407,107
19408,124
19409,104
19410,104
19411,124
19412,124
19413,117
19414,1
19415,117
19416,117
19417,124
19418,124
19419,127
19420,112
19421,112
19422,118
19423,124
19424,124
19425,112
19426,124
19427,118
19428,112
19429,127
19430,118
19431,112
19432,127
19433,117
19434,124
19435,124
19436,104
19437,107
19438,118
19439,112
19440,107
19441,124
19442,107
19443,115
19445,124
19446,124
19447,124
19448,124
19449,112
19450,117
19451,112
19452,117
19453,117
19454,112
19455,117
19456,112
19457,112
19458,112
19459,112
19460,124
19461,124
19462,117
19463,104
19464,124
19465,112
19466,116
19467,124
19468,118
19469,112
19470,124
19471,117
19472,116
19473,127
19474,124
19475,115
19476,118
19477,19
19478,146
19479,146
19480,146
19481,146
19482,146
19483,146
19484,146
19485,147
19486,147
19487,147
19488,147
19489,147
19490,147
19491,147
19492,146
19493,146
19494,146
19495,146
19496,162
19497,162
19498,162
19499,162
19500,162
19501,162
19502,49
19503,49
19504,49
19505,61
19506,59
19507,44
19508,44
19509,45
19510,61
19511,58
19512,61
19513,61
19514,58
19515,61
19516,44
19517,61
19518,58
19519,58
19520,61
19521,61
19522,61
19523,61
19524,59
19525,59
19526,61
19527,61
19528,44
19529,61
19530,61
19531,61
19532,61
19533,61
19534,58
19535,61
19536,44
19538,58
19540,59
19541,44
19542,61
19543,44
19544,61
19545,61
19546,44
19547,221
19548,44
19549,44
19550,44
19551,44
19552,58
19553,61
19554,58
19555,61
19556,58
19557,59
19558,44
19559,61
19560,61
19561,44
19562,61
19563,61
19564,61
19565,59
19566,61
19567,61
19568,44
19569,61
19570,45
19571,44
19572,58
19573,59
19574,58
19575,32
19576,36
19577,36
19578,36
19579,36
19580,32
19581,32
19582,36
19583,32
19584,36
19585,36
19586,36
19587,32
19588,32
19589,36
19590,32
19591,36
19592,36
19593,36
19594,36
19595,56
19596,56
19597,56
19598,56
19599,56
19600,56
19602,203
19603,188
19604,174
19605,222
19606,222
19607,220
19608,174
19609,222
19610,188
19611,188
19612,191
19613,191
19614,222
19615,222
19616,176
19617,175
19618,173
19619,203
19621,173
19622,173
19623,196
19624,196
19625,176
19626,203
19627,204
19628,204
19629,190
19630,205
19631,204
19632,173
19633,188
19634,188
19635,199
19636,220
19637,203
19638,174
19639,203
19640,171
19641,205
19642,203
19643,190
19644,199
19645,205
19646,190
19647,203
19648,196
19649,205
19650,175
19651,190
19652,175
19653,204
19654,220
19655,191
19539,61
19656,205
19657,203
19658,220
19659,171
19660,173
19661,222
19662,196
19663,196
19664,196
19665,196
19666,205
22518,11
19796,130
22519,11
22520,11
19960,75
22521,11
22522,11
22523,15
22524,15
22525,15
20392,108
20393,108
20394,108
20395,108
20396,108
20397,116
20398,116
20399,116
20400,116
20401,167
20402,213
20403,157
20404,138
20405,138
20406,138
20407,166
20408,79
20409,167
20410,213
20411,138
20412,166
20413,138
20414,166
20415,166
20416,142
20417,167
20418,213
20419,138
20420,160
20421,79
20422,130
20423,213
20424,166
20425,166
20426,79
20427,79
20428,166
20429,79
20430,138
20431,159
20432,166
20433,79
20434,130
20435,157
20436,159
20437,159
20438,166
20439,213
20440,79
20441,166
20442,213
20443,159
20444,130
20445,213
20447,138
20448,166
20449,157
20450,132
20451,146
20452,139
20453,139
20454,139
20455,139
20456,139
20457,146
20458,139
20459,139
20460,139
20461,43
20462,43
20463,43
20464,43
20465,127
20466,43
20467,1
20468,43
20469,1
20470,1
20471,43
20472,43
20473,1
20474,1
20475,43
20476,43
20477,43
20478,43
20479,43
20480,127
20481,122
20482,122
20483,44
20484,58
20485,44
20488,4
20489,4
20490,4
20491,4
20492,4
20493,4
20494,4
20495,4
20496,4
20497,19
20498,19
22526,15
20763,61
20764,169
20765,169
20766,169
20767,169
20768,169
21235,112
22527,4
22528,4
22529,4
22530,4
22531,4
22532,18
22533,18
22534,18
22535,18
22536,18
22537,18
22538,18
22539,18
22540,18
22541,18
22542,18
22543,4
22544,4
22545,4
22546,11
22547,11
22548,11
22549,11
22550,15
22551,15
22552,15
22553,15
22554,15
22555,15
22556,15
22557,15
22558,15
22559,18
22560,18
22561,18
22571,187
22572,203
22573,187
22576,187
22577,209
22578,209
22581,209
382,61
21203,165
21204,156
21205,165
21206,165
21207,156
21208,165
21209,156
21210,156
21211,165
21212,165
21213,156
21214,124
21215,118
21216,124
21217,124
21218,107
21219,162
21220,124
21221,124
21222,124
21223,107
21224,112
21225,162
21226,162
21227,115
21228,115
21229,112
21230,162
21231,124
21232,124
21233,124
21234,162
21236,124
21237,124
21238,119
21239,112
21240,119
21241,124
21242,115
21243,162
21244,162
21245,124
21465,61
21466,49
21467,49
21468,61
21469,61
21470,61
21471,61
21472,59
21473,59
21474,61
21475,59
21476,61
21477,120
21478,120
21479,120
21480,120
21481,158
21482,158
21483,158
21484,60
21485,60
22586,85
22587,95
23383,85
23384,85
23385,84
23386,94
23387,85
23388,75
23389,94
23390,96
23391,66
23392,84
23393,75
23394,94
23395,86
23396,94
23397,85
23398,84
23399,94
23400,85
23401,96
23402,100
23403,75
23404,85
23405,66
23406,85
23407,77
23408,63
23411,90
23412,84
23413,86
23414,75
23415,99
23416,84
23417,85
23418,75
23419,63
23420,84
23421,99
23422,75
23423,90
23424,84
23425,99
23426,84
23427,99
23428,99
23429,90
23430,79
23431,63
23432,84
23433,85
23435,96
23436,75
23437,90
23438,100
23439,79
23440,100
23441,84
23442,79
23443,79
23444,84
23445,66
23446,86
23447,84
23448,75
23449,212
23450,85
23451,85
23452,100
23453,84
23454,75
23455,94
23456,66
23457,212
23458,90
23459,63
23460,84
23461,100
23462,124
23463,1
23464,122
23465,124
23466,117
23467,111
23468,124
23469,122
23471,112
23472,117
23473,107
23474,124
23475,108
23476,124
23477,1
23478,120
23479,225
23480,112
23481,117
23482,111
23483,108
23484,117
23485,122
23486,15
23487,14
23488,14
23489,4
23490,16
23491,15
23492,14
23493,14
23494,16
23495,4
23496,15
23498,19
23499,15
23501,11
23502,15
23503,16
23504,226
23505,226
23507,20
23508,16
23509,226
23510,11
23517,11
23518,16
23519,15
23520,15
23521,16
23522,20
23523,19
23524,15
23526,4
23527,11
23529,16
23530,4
23531,19
23535,226
23536,226
23540,226
23497,17
23500,226
23506,226
23511,14
23512,15
23513,226
23514,15
23515,16
23516,15
23525,226
23528,17
23532,16
23533,16
23534,15
23537,226
23538,226
23539,226
23541,178
23542,208
23543,208
23544,208
23545,208
23546,208
23547,209
23548,209
23549,178
23550,171
23551,209
23552,178
23553,204
23554,178
23555,171
23556,180
23557,180
23558,208
23559,187
23560,171
23561,208
23562,208
23563,196
23564,178
23565,187
23566,171
23567,204
23568,180
23569,209
23570,202
23571,188
23572,204
23573,209
23574,204
23575,208
23576,208
23577,208
23578,178
23579,209
23580,174
23581,202
23582,209
23583,220
23584,209
23585,209
23586,208
23587,209
23588,199
23589,171
23590,196
23591,204
23592,202
23593,204
23594,178
23595,191
23596,199
23597,180
23598,204
23599,196
23600,203
23601,196
86,1
23713,40
23714,40
23715,40
23716,40
23717,40
23718,40
23719,40
23720,40
23721,40
23722,40
23723,40
23724,40
23725,40
23726,40
23727,40
23860,21
23861,21
23862,21
23863,21
23864,21
23865,21
23866,21
23867,21
23868,21
23869,21
23870,21
23871,21
23872,21
23873,188
23874,178
23875,124
23876,172
23877,161
23878,171
23879,171
23880,196
23882,124
23883,49
23884,172
23885,174
23886,172
23887,161
23888,40
23889,130
23893,120
23894,172
23895,122
23896,204
23897,178
23898,164
23899,137
23900,152
23901,161
23902,15
23903,118
23904,158
23922,19
23923,19
23924,19
23925,19
23926,19
23927,19
23928,19
23929,19
23930,19
23931,19
23932,19
23933,19
23934,19
23935,19
3349,146
5828,88
25549,44
25996,75
8038,117
